#
# There is insufficient memory for the Java Runtime Environment to continue.
# Native memory allocation (mmap) failed to map 263192576 bytes for Failed to commit area from 0x0000000759500000 to 0x0000000769000000 of length 263192576.
# Possible reasons:
#   The system is out of physical RAM or swap space
#   The process is running with CompressedOops enabled, and the Java Heap may be blocking the growth of the native heap
# Possible solutions:
#   Reduce memory load on the system
#   Increase physical memory or swap space
#   Check if swap backing store is full
#   Decrease Java heap size (-Xmx/-Xms)
#   Decrease number of Java threads
#   Decrease Java thread stack sizes (-Xss)
#   Set larger code cache with -XX:ReservedCodeCacheSize=
#   JVM is running with Zero Based Compressed Oops mode in which the Java heap is
#     placed in the first 32GB address space. The Java Heap base address is the
#     maximum limit for the native heap growth. Please use -XX:HeapBaseMinAddress
#     to set the Java Heap base and to place the Java Heap above 32GB virtual address.
# This output file may be truncated or incomplete.
#
#  Out of Memory Error (./src/hotspot/os/windows/os_windows.cpp:3386), pid=11064, tid=14216
#
# JRE version: OpenJDK Runtime Environment Temurin-11.0.16+8 (11.0.16+8) (build 11.0.16+8)
# Java VM: OpenJDK 64-Bit Server VM Temurin-11.0.16+8 (11.0.16+8, mixed mode, tiered, compressed oops, g1 gc, windows-amd64)
# No core dump will be written. Minidumps are not enabled by default on client versions of Windows
#

---------------  S U M M A R Y ------------

Command Line: -Djavax.net.ssl.trustStoreType=WINDOWS-ROOT com.st.microxplorer.maingui.STM32CubeMX C:\Users\Muster\Desktop\Desktop\elephant\Elephant.ioc

Host: AMD Ryzen 7 PRO 4750U with Radeon Graphics, 16 cores, 15G,  Windows 10 , 64 bit Build 19041 (10.0.19041.2913)
Time: Sat Jun  3 22:09:54 2023  Windows 10 , 64 bit Build 19041 (10.0.19041.2913) elapsed time: 8699.132041 seconds (0d 2h 24m 59s)

---------------  T H R E A D  ---------------

Current thread (0x000001b17f0a8800):  VMThread "VM Thread" [stack: 0x0000002e6b000000,0x0000002e6b100000] [id=14216]

Stack: [0x0000002e6b000000,0x0000002e6b100000]
[error occurred during error reporting (printing stack bounds), id 0xc0000005, EXCEPTION_ACCESS_VIOLATION (0xc0000005) at pc=0x000001b10000112d]

Native frames: (J=compiled Java code, j=interpreted, Vv=VM code, C=native code)
V  [jvm.dll+0x61f1da]
V  [jvm.dll+0x7abc69]
V  [jvm.dll+0x7ad358]
V  [jvm.dll+0x7ad995]
V  [jvm.dll+0x7ad94b]
V  [jvm.dll+0x61e567]
V  [jvm.dll+0x61ec78]
C  [ntdll.dll+0xa23df]
C  [ntdll.dll+0x514a4]
C  [ntdll.dll+0xa0f0e]
C  0x000001b10000112d

VM_Operation (0x0000002e6d4fdc10): G1CollectForAllocation, mode: safepoint, requested by thread 0x000001b11ef51800


---------------  P R O C E S S  ---------------

Threads class SMR info:
_java_thread_list=0x000001b1231daa60, length=20, elements={
0x000001b17f0ab000, 0x000001b17f0ac000, 0x000001b17f9d9000, 0x000001b17f9da000,
0x000001b17f9dd800, 0x000001b17f0da800, 0x000001b17fa01800, 0x000001b17fa1b000,
0x000001b17fbd8800, 0x000001b17fbfa000, 0x000001b1113cc800, 0x000001b111a6f000,
0x000001b111f49000, 0x000001b111986000, 0x000001b16af17000, 0x000001b11d0d4800,
0x000001b11d0d7000, 0x000001b11d0d8000, 0x000001b11ef51800, 0x000001b11ef52800
}

Java Threads: ( => current thread )
  0x000001b17f0ab000 JavaThread "Reference Handler" daemon [_thread_blocked, id=8544, stack(0x0000002e6b100000,0x0000002e6b200000)]
  0x000001b17f0ac000 JavaThread "Finalizer" daemon [_thread_blocked, id=17912, stack(0x0000002e6b200000,0x0000002e6b300000)]
  0x000001b17f9d9000 JavaThread "Signal Dispatcher" daemon [_thread_blocked, id=18816, stack(0x0000002e6b300000,0x0000002e6b400000)]
  0x000001b17f9da000 JavaThread "Attach Listener" daemon [_thread_blocked, id=17980, stack(0x0000002e6b400000,0x0000002e6b500000)]
  0x000001b17f9dd800 JavaThread "Service Thread" daemon [_thread_blocked, id=18204, stack(0x0000002e6b500000,0x0000002e6b600000)]
  0x000001b17f0da800 JavaThread "C2 CompilerThread0" daemon [_thread_in_native, id=16140, stack(0x0000002e6b600000,0x0000002e6b700000)]
  0x000001b17fa01800 JavaThread "C1 CompilerThread0" daemon [_thread_blocked, id=4952, stack(0x0000002e6b700000,0x0000002e6b800000)]
  0x000001b17fa1b000 JavaThread "Sweeper thread" daemon [_thread_blocked, id=18600, stack(0x0000002e6b800000,0x0000002e6b900000)]
  0x000001b17fbd8800 JavaThread "Common-Cleaner" daemon [_thread_blocked, id=16148, stack(0x0000002e6bb00000,0x0000002e6bc00000)]
  0x000001b17fbfa000 JavaThread "Java2D Disposer" daemon [_thread_blocked, id=21708, stack(0x0000002e6bd00000,0x0000002e6be00000)]
  0x000001b1113cc800 JavaThread "AWT-Shutdown" [_thread_blocked, id=20724, stack(0x0000002e6c000000,0x0000002e6c100000)]
  0x000001b111a6f000 JavaThread "AWT-Windows" daemon [_thread_blocked, id=4708, stack(0x0000002e6c100000,0x0000002e6c200000)]
  0x000001b111f49000 JavaThread "AWT-EventQueue-0" [_thread_blocked, id=8912, stack(0x0000002e6bc00000,0x0000002e6bd00000)]
  0x000001b111986000 JavaThread "D3D Screen Updater" daemon [_thread_blocked, id=19056, stack(0x0000002e6d900000,0x0000002e6da00000)]
  0x000001b16af17000 JavaThread "DestroyJavaVM" [_thread_blocked, id=23408, stack(0x0000002e6aa00000,0x0000002e6ab00000)]
  0x000001b11d0d4800 JavaThread "TimerQueue" daemon [_thread_blocked, id=13536, stack(0x0000002e6e800000,0x0000002e6e900000)]
  0x000001b11d0d7000 JavaThread "SwingWorker-pool-1-thread-1" daemon [_thread_blocked, id=17804, stack(0x0000002e6ec00000,0x0000002e6ed00000)]
  0x000001b11d0d8000 JavaThread "SwingWorker-pool-1-thread-2" daemon [_thread_blocked, id=23156, stack(0x0000002e6e400000,0x0000002e6e500000)]
  0x000001b11ef51800 JavaThread "Thread-7244" [_thread_blocked, id=9780, stack(0x0000002e6d400000,0x0000002e6d500000)]
  0x000001b11ef52800 JavaThread "Keep-Alive-Timer" daemon [_thread_blocked, id=13748, stack(0x0000002e6d000000,0x0000002e6d100000)]

Other Threads:
=>0x000001b17f0a8800 VMThread "VM Thread" [stack: 0x0000002e6b000000,0x0000002e6b100000] [id=14216]
  0x000001b17fbd3800 WatcherThread [stack: 0x0000002e6ba00000,0x0000002e6bb00000] [id=19420]
  0x000001b16af31800 GCTaskThread "GC Thread#0" [stack: 0x0000002e6ab00000,0x0000002e6ac00000] [id=12508]
  0x000001b1123d3800 GCTaskThread "GC Thread#1" [stack: 0x0000002e6d700000,0x0000002e6d800000] [id=17312]
  0x000001b11204a000 GCTaskThread "GC Thread#2" [stack: 0x0000002e6da00000,0x0000002e6db00000] [id=15896]
  0x000001b11259c000 GCTaskThread "GC Thread#3" [stack: 0x0000002e6db00000,0x0000002e6dc00000] [id=4576]
  0x000001b118106800 GCTaskThread "GC Thread#4" [stack: 0x0000002e6dc00000,0x0000002e6dd00000] [id=20080]
  0x000001b117b95800 GCTaskThread "GC Thread#5" [stack: 0x0000002e6dd00000,0x0000002e6de00000] [id=23188]
  0x000001b117b96800 GCTaskThread "GC Thread#6" [stack: 0x0000002e6de00000,0x0000002e6df00000] [id=15160]
  0x000001b1127cd000 GCTaskThread "GC Thread#7" [stack: 0x0000002e6df00000,0x0000002e6e000000] [id=21792]
  0x000001b11b80d800 GCTaskThread "GC Thread#8" [stack: 0x0000002e6ea00000,0x0000002e6eb00000] [id=5784]
  0x000001b119a7f000 GCTaskThread "GC Thread#9" [stack: 0x0000002e6eb00000,0x0000002e6ec00000] [id=20780]
  0x000001b118821800 GCTaskThread "GC Thread#10" [stack: 0x0000002e6ed00000,0x0000002e6ee00000] [id=2556]
  0x000001b11b132800 GCTaskThread "GC Thread#11" [stack: 0x0000002e6ee00000,0x0000002e6ef00000] [id=8472]
  0x000001b11b42e000 GCTaskThread "GC Thread#12" [stack: 0x0000002e6d800000,0x0000002e6d900000] [id=19252]
  0x000001b16af8c000 ConcurrentGCThread "G1 Main Marker" [stack: 0x0000002e6ac00000,0x0000002e6ad00000] [id=19480]
  0x000001b16af8e800 ConcurrentGCThread "G1 Conc#0" [stack: 0x0000002e6ad00000,0x0000002e6ae00000] [id=10800]
  0x000001b117cbf000 ConcurrentGCThread "G1 Conc#1" [stack: 0x0000002e6e000000,0x0000002e6e100000] [id=18500]
  0x000001b1126f7000 ConcurrentGCThread "G1 Conc#2" [stack: 0x0000002e6e100000,0x0000002e6e200000] [id=20484]
  0x000001b17ef93800 ConcurrentGCThread "G1 Refine#0" [stack: 0x0000002e6ae00000,0x0000002e6af00000] [id=8708]
  0x000001b118076800 ConcurrentGCThread "G1 Refine#1" [stack: 0x0000002e6f500000,0x0000002e6f600000] [id=17896]
  0x000001b118077800 ConcurrentGCThread "G1 Refine#2" [stack: 0x0000002e6f600000,0x0000002e6f700000] [id=6116]
  0x000001b118078000 ConcurrentGCThread "G1 Refine#3" [stack: 0x0000002e6f700000,0x0000002e6f800000] [id=2772]
  0x000001b118079000 ConcurrentGCThread "G1 Refine#4" [stack: 0x0000002e6f800000,0x0000002e6f900000] [id=14604]
  0x000001b11b4a8800 ConcurrentGCThread "G1 Refine#5" [stack: 0x0000002e6f900000,0x0000002e6fa00000] [id=20348]
  0x000001b11b4ac000 ConcurrentGCThread "G1 Refine#6" [stack: 0x0000002e6fb00000,0x0000002e6fc00000] [id=16884]
  0x000001b11b4ad000 ConcurrentGCThread "G1 Refine#7" [stack: 0x0000002e6fc00000,0x0000002e6fd00000] [id=14064]
  0x000001b11b4a9000 ConcurrentGCThread "G1 Refine#8" [stack: 0x0000002e6fd00000,0x0000002e6fe00000] [id=20204]
  0x000001b11b4aa000 ConcurrentGCThread "G1 Refine#9" [stack: 0x0000002e6fe00000,0x0000002e6ff00000] [id=21320]
  0x000001b11b4aa800 ConcurrentGCThread "G1 Refine#10" [stack: 0x0000002e6ff00000,0x0000002e70000000] [id=15544]
  0x000001b11b4a6800 ConcurrentGCThread "G1 Refine#11" [stack: 0x0000002e6bf00000,0x0000002e6c000000] [id=19664]
  0x000001b11b4b3800 ConcurrentGCThread "G1 Refine#12" [stack: 0x0000002e6e200000,0x0000002e6e300000] [id=20896]
  0x000001b17ef94000 ConcurrentGCThread "G1 Young RemSet Sampling" [stack: 0x0000002e6af00000,0x0000002e6b000000] [id=11144]

Threads with active compile tasks:
C2 CompilerThread0  8699172 20328       4       com.sun.org.apache.xpath.internal.compiler.XPathParser::Step (380 bytes)

VM state:at safepoint (normal execution)

VM Mutex/Monitor currently owned by a thread:  ([mutex/lock_event])
[0x000001b16af14110] Threads_lock - owner thread: 0x000001b17f0a8800
[0x000001b16af130c0] Heap_lock - owner thread: 0x000001b11ef51800

Heap address: 0x000000070aa00000, size: 3926 MB, Compressed Oops mode: Zero based, Oop shift amount: 3
Narrow klass base: 0x0000000800000000, Narrow klass shift: 0
Compressed class space size: 1073741824 Address: 0x0000000800000000

Heap:
 garbage-first heap   total 1546240K, used 261669K [0x000000070aa00000, 0x0000000800000000)
  region size 1024K, 59 young (60416K), 59 survivors (60416K)
 Metaspace       used 85131K, capacity 88727K, committed 93828K, reserved 1130496K
  class space    used 8943K, capacity 10452K, committed 12032K, reserved 1048576K
Heap Regions: E=young(eden), S=young(survivor), O=old, HS=humongous(starts), HC=humongous(continues), CS=collection set, F=free, A=archive, TAMS=top-at-mark-start (previous, next)
|   0|0x000000070aa00000, 0x000000070ab00000, 0x000000070ab00000|100%|HS|  |TAMS 0x000000070ab00000, 0x000000070ab00000| Complete 
|   1|0x000000070ab00000, 0x000000070ac00000, 0x000000070ac00000|100%|HC|  |TAMS 0x000000070ac00000, 0x000000070ac00000| Complete 
|   2|0x000000070ac00000, 0x000000070ad00000, 0x000000070ad00000|100%|HC|  |TAMS 0x000000070ad00000, 0x000000070ad00000| Complete 
|   3|0x000000070ad00000, 0x000000070ae00000, 0x000000070ae00000|100%|HC|  |TAMS 0x000000070ae00000, 0x000000070ae00000| Complete 
|   4|0x000000070ae00000, 0x000000070af00000, 0x000000070af00000|100%|HS|  |TAMS 0x000000070af00000, 0x000000070af00000| Complete 
|   5|0x000000070af00000, 0x000000070b000000, 0x000000070b000000|100%| O|  |TAMS 0x000000070b000000, 0x000000070b000000| Untracked 
|   6|0x000000070b000000, 0x000000070b100000, 0x000000070b100000|100%| O|  |TAMS 0x000000070b100000, 0x000000070b100000| Untracked 
|   7|0x000000070b100000, 0x000000070b200000, 0x000000070b200000|100%| O|  |TAMS 0x000000070b200000, 0x000000070b200000| Untracked 
|   8|0x000000070b200000, 0x000000070b300000, 0x000000070b300000|100%| O|  |TAMS 0x000000070b300000, 0x000000070b300000| Untracked 
|   9|0x000000070b300000, 0x000000070b400000, 0x000000070b400000|100%| O|  |TAMS 0x000000070b400000, 0x000000070b400000| Untracked 
|  10|0x000000070b400000, 0x000000070b500000, 0x000000070b500000|100%|HS|  |TAMS 0x000000070b500000, 0x000000070b500000| Complete 
|  11|0x000000070b500000, 0x000000070b600000, 0x000000070b600000|100%| O|  |TAMS 0x000000070b600000, 0x000000070b600000| Untracked 
|  12|0x000000070b600000, 0x000000070b700000, 0x000000070b700000|100%| O|  |TAMS 0x000000070b700000, 0x000000070b700000| Untracked 
|  13|0x000000070b700000, 0x000000070b800000, 0x000000070b800000|100%| O|  |TAMS 0x000000070b800000, 0x000000070b800000| Untracked 
|  14|0x000000070b800000, 0x000000070b900000, 0x000000070b900000|100%| O|  |TAMS 0x000000070b900000, 0x000000070b900000| Untracked 
|  15|0x000000070b900000, 0x000000070ba00000, 0x000000070ba00000|100%| O|  |TAMS 0x000000070ba00000, 0x000000070ba00000| Untracked 
|  16|0x000000070ba00000, 0x000000070bb00000, 0x000000070bb00000|100%| O|  |TAMS 0x000000070bb00000, 0x000000070bb00000| Untracked 
|  17|0x000000070bb00000, 0x000000070bc00000, 0x000000070bc00000|100%|HS|  |TAMS 0x000000070bc00000, 0x000000070bc00000| Complete 
|  18|0x000000070bc00000, 0x000000070bd00000, 0x000000070bd00000|100%|HC|  |TAMS 0x000000070bd00000, 0x000000070bd00000| Complete 
|  19|0x000000070bd00000, 0x000000070be00000, 0x000000070be00000|100%| O|  |TAMS 0x000000070be00000, 0x000000070be00000| Untracked 
|  20|0x000000070be00000, 0x000000070bf00000, 0x000000070bf00000|100%| O|  |TAMS 0x000000070bf00000, 0x000000070bf00000| Untracked 
|  21|0x000000070bf00000, 0x000000070c000000, 0x000000070c000000|100%| O|  |TAMS 0x000000070c000000, 0x000000070c000000| Untracked 
|  22|0x000000070c000000, 0x000000070c100000, 0x000000070c100000|100%|HS|  |TAMS 0x000000070c100000, 0x000000070c100000| Complete 
|  23|0x000000070c100000, 0x000000070c200000, 0x000000070c200000|100%|HS|  |TAMS 0x000000070c200000, 0x000000070c200000| Complete 
|  24|0x000000070c200000, 0x000000070c300000, 0x000000070c300000|100%|HC|  |TAMS 0x000000070c300000, 0x000000070c300000| Complete 
|  25|0x000000070c300000, 0x000000070c400000, 0x000000070c400000|100%|HC|  |TAMS 0x000000070c400000, 0x000000070c400000| Complete 
|  26|0x000000070c400000, 0x000000070c500000, 0x000000070c500000|100%|HC|  |TAMS 0x000000070c500000, 0x000000070c500000| Complete 
|  27|0x000000070c500000, 0x000000070c600000, 0x000000070c600000|100%|HS|  |TAMS 0x000000070c600000, 0x000000070c600000| Complete 
|  28|0x000000070c600000, 0x000000070c700000, 0x000000070c700000|100%|HC|  |TAMS 0x000000070c700000, 0x000000070c700000| Complete 
|  29|0x000000070c700000, 0x000000070c800000, 0x000000070c800000|100%|HC|  |TAMS 0x000000070c800000, 0x000000070c800000| Complete 
|  30|0x000000070c800000, 0x000000070c900000, 0x000000070c900000|100%|HC|  |TAMS 0x000000070c900000, 0x000000070c900000| Complete 
|  31|0x000000070c900000, 0x000000070ca00000, 0x000000070ca00000|100%|HS|  |TAMS 0x000000070ca00000, 0x000000070ca00000| Complete 
|  32|0x000000070ca00000, 0x000000070cb00000, 0x000000070cb00000|100%|HC|  |TAMS 0x000000070cb00000, 0x000000070cb00000| Complete 
|  33|0x000000070cb00000, 0x000000070cc00000, 0x000000070cc00000|100%|HC|  |TAMS 0x000000070cc00000, 0x000000070cc00000| Complete 
|  34|0x000000070cc00000, 0x000000070cd00000, 0x000000070cd00000|100%|HC|  |TAMS 0x000000070cd00000, 0x000000070cd00000| Complete 
|  35|0x000000070cd00000, 0x000000070ce00000, 0x000000070ce00000|100%|HS|  |TAMS 0x000000070ce00000, 0x000000070ce00000| Complete 
|  36|0x000000070ce00000, 0x000000070cf00000, 0x000000070cf00000|100%|HC|  |TAMS 0x000000070cf00000, 0x000000070cf00000| Complete 
|  37|0x000000070cf00000, 0x000000070d000000, 0x000000070d000000|100%|HC|  |TAMS 0x000000070d000000, 0x000000070d000000| Complete 
|  38|0x000000070d000000, 0x000000070d100000, 0x000000070d100000|100%|HC|  |TAMS 0x000000070d100000, 0x000000070d100000| Complete 
|  39|0x000000070d100000, 0x000000070d200000, 0x000000070d200000|100%|HS|  |TAMS 0x000000070d200000, 0x000000070d200000| Complete 
|  40|0x000000070d200000, 0x000000070d300000, 0x000000070d300000|100%|HC|  |TAMS 0x000000070d300000, 0x000000070d300000| Complete 
|  41|0x000000070d300000, 0x000000070d400000, 0x000000070d400000|100%|HC|  |TAMS 0x000000070d400000, 0x000000070d400000| Complete 
|  42|0x000000070d400000, 0x000000070d500000, 0x000000070d500000|100%|HC|  |TAMS 0x000000070d500000, 0x000000070d500000| Complete 
|  43|0x000000070d500000, 0x000000070d600000, 0x000000070d600000|100%|HS|  |TAMS 0x000000070d600000, 0x000000070d600000| Complete 
|  44|0x000000070d600000, 0x000000070d700000, 0x000000070d700000|100%|HC|  |TAMS 0x000000070d700000, 0x000000070d700000| Complete 
|  45|0x000000070d700000, 0x000000070d800000, 0x000000070d800000|100%|HC|  |TAMS 0x000000070d800000, 0x000000070d800000| Complete 
|  46|0x000000070d800000, 0x000000070d900000, 0x000000070d900000|100%|HC|  |TAMS 0x000000070d900000, 0x000000070d900000| Complete 
|  47|0x000000070d900000, 0x000000070da00000, 0x000000070da00000|100%|HS|  |TAMS 0x000000070da00000, 0x000000070da00000| Complete 
|  48|0x000000070da00000, 0x000000070db00000, 0x000000070db00000|100%|HC|  |TAMS 0x000000070db00000, 0x000000070db00000| Complete 
|  49|0x000000070db00000, 0x000000070dc00000, 0x000000070dc00000|100%|HC|  |TAMS 0x000000070dc00000, 0x000000070dc00000| Complete 
|  50|0x000000070dc00000, 0x000000070dd00000, 0x000000070dd00000|100%|HC|  |TAMS 0x000000070dd00000, 0x000000070dd00000| Complete 
|  51|0x000000070dd00000, 0x000000070de00000, 0x000000070de00000|100%|HS|  |TAMS 0x000000070de00000, 0x000000070de00000| Complete 
|  52|0x000000070de00000, 0x000000070df00000, 0x000000070df00000|100%|HC|  |TAMS 0x000000070df00000, 0x000000070df00000| Complete 
|  53|0x000000070df00000, 0x000000070e000000, 0x000000070e000000|100%|HC|  |TAMS 0x000000070e000000, 0x000000070e000000| Complete 
|  54|0x000000070e000000, 0x000000070e100000, 0x000000070e100000|100%|HC|  |TAMS 0x000000070e100000, 0x000000070e100000| Complete 
|  55|0x000000070e100000, 0x000000070e200000, 0x000000070e200000|100%|HS|  |TAMS 0x000000070e200000, 0x000000070e200000| Complete 
|  56|0x000000070e200000, 0x000000070e300000, 0x000000070e300000|100%|HC|  |TAMS 0x000000070e300000, 0x000000070e300000| Complete 
|  57|0x000000070e300000, 0x000000070e400000, 0x000000070e400000|100%|HC|  |TAMS 0x000000070e400000, 0x000000070e400000| Complete 
|  58|0x000000070e400000, 0x000000070e500000, 0x000000070e500000|100%|HC|  |TAMS 0x000000070e500000, 0x000000070e500000| Complete 
|  59|0x000000070e500000, 0x000000070e600000, 0x000000070e600000|100%|HS|  |TAMS 0x000000070e600000, 0x000000070e600000| Complete 
|  60|0x000000070e600000, 0x000000070e700000, 0x000000070e700000|100%|HC|  |TAMS 0x000000070e700000, 0x000000070e700000| Complete 
|  61|0x000000070e700000, 0x000000070e800000, 0x000000070e800000|100%|HC|  |TAMS 0x000000070e800000, 0x000000070e800000| Complete 
|  62|0x000000070e800000, 0x000000070e900000, 0x000000070e900000|100%|HC|  |TAMS 0x000000070e900000, 0x000000070e900000| Complete 
|  63|0x000000070e900000, 0x000000070ea00000, 0x000000070ea00000|100%| O|  |TAMS 0x000000070ea00000, 0x000000070ea00000| Untracked 
|  64|0x000000070ea00000, 0x000000070eb00000, 0x000000070eb00000|100%| O|  |TAMS 0x000000070eb00000, 0x000000070eb00000| Untracked 
|  65|0x000000070eb00000, 0x000000070ec00000, 0x000000070ec00000|100%| O|  |TAMS 0x000000070ec00000, 0x000000070ec00000| Untracked 
|  66|0x000000070ec00000, 0x000000070ed00000, 0x000000070ed00000|100%| O|  |TAMS 0x000000070ed00000, 0x000000070ed00000| Untracked 
|  67|0x000000070ed00000, 0x000000070ee00000, 0x000000070ee00000|100%| O|  |TAMS 0x000000070ee00000, 0x000000070ee00000| Untracked 
|  68|0x000000070ee00000, 0x000000070ef00000, 0x000000070ef00000|100%| O|  |TAMS 0x000000070ef00000, 0x000000070ef00000| Untracked 
|  69|0x000000070ef00000, 0x000000070f000000, 0x000000070f000000|100%| O|  |TAMS 0x000000070f000000, 0x000000070f000000| Untracked 
|  70|0x000000070f000000, 0x000000070f100000, 0x000000070f100000|100%| O|  |TAMS 0x000000070f100000, 0x000000070f100000| Untracked 
|  71|0x000000070f100000, 0x000000070f200000, 0x000000070f200000|100%| O|  |TAMS 0x000000070f200000, 0x000000070f200000| Untracked 
|  72|0x000000070f200000, 0x000000070f300000, 0x000000070f300000|100%| O|  |TAMS 0x000000070f300000, 0x000000070f300000| Untracked 
|  73|0x000000070f300000, 0x000000070f400000, 0x000000070f400000|100%| O|  |TAMS 0x000000070f400000, 0x000000070f400000| Untracked 
|  74|0x000000070f400000, 0x000000070f500000, 0x000000070f500000|100%| O|  |TAMS 0x000000070f500000, 0x000000070f500000| Untracked 
|  75|0x000000070f500000, 0x000000070f600000, 0x000000070f600000|100%| O|  |TAMS 0x000000070f600000, 0x000000070f600000| Untracked 
|  76|0x000000070f600000, 0x000000070f700000, 0x000000070f700000|100%| O|  |TAMS 0x000000070f700000, 0x000000070f700000| Untracked 
|  77|0x000000070f700000, 0x000000070f800000, 0x000000070f800000|100%| O|  |TAMS 0x000000070f800000, 0x000000070f800000| Untracked 
|  78|0x000000070f800000, 0x000000070f900000, 0x000000070f900000|100%| O|  |TAMS 0x000000070f900000, 0x000000070f900000| Untracked 
|  79|0x000000070f900000, 0x000000070fa00000, 0x000000070fa00000|100%| O|  |TAMS 0x000000070fa00000, 0x000000070fa00000| Untracked 
|  80|0x000000070fa00000, 0x000000070fb00000, 0x000000070fb00000|100%| O|  |TAMS 0x000000070fb00000, 0x000000070fb00000| Untracked 
|  81|0x000000070fb00000, 0x000000070fc00000, 0x000000070fc00000|100%| O|  |TAMS 0x000000070fc00000, 0x000000070fc00000| Untracked 
|  82|0x000000070fc00000, 0x000000070fd00000, 0x000000070fd00000|100%| O|  |TAMS 0x000000070fd00000, 0x000000070fd00000| Untracked 
|  83|0x000000070fd00000, 0x000000070fe00000, 0x000000070fe00000|100%| O|  |TAMS 0x000000070fe00000, 0x000000070fe00000| Untracked 
|  84|0x000000070fe00000, 0x000000070ff00000, 0x000000070ff00000|100%| O|  |TAMS 0x000000070ff00000, 0x000000070ff00000| Untracked 
|  85|0x000000070ff00000, 0x0000000710000000, 0x0000000710000000|100%| O|  |TAMS 0x0000000710000000, 0x0000000710000000| Untracked 
|  86|0x0000000710000000, 0x0000000710100000, 0x0000000710100000|100%| O|  |TAMS 0x0000000710100000, 0x0000000710100000| Untracked 
|  87|0x0000000710100000, 0x0000000710200000, 0x0000000710200000|100%| O|  |TAMS 0x0000000710200000, 0x0000000710200000| Untracked 
|  88|0x0000000710200000, 0x0000000710300000, 0x0000000710300000|100%| O|  |TAMS 0x0000000710300000, 0x0000000710300000| Untracked 
|  89|0x0000000710300000, 0x0000000710400000, 0x0000000710400000|100%| O|  |TAMS 0x0000000710400000, 0x0000000710400000| Untracked 
|  90|0x0000000710400000, 0x0000000710500000, 0x0000000710500000|100%| O|  |TAMS 0x0000000710500000, 0x0000000710500000| Untracked 
|  91|0x0000000710500000, 0x0000000710600000, 0x0000000710600000|100%| O|  |TAMS 0x0000000710600000, 0x0000000710600000| Untracked 
|  92|0x0000000710600000, 0x0000000710700000, 0x0000000710700000|100%| O|  |TAMS 0x0000000710700000, 0x0000000710700000| Untracked 
|  93|0x0000000710700000, 0x0000000710800000, 0x0000000710800000|100%| O|  |TAMS 0x0000000710800000, 0x0000000710800000| Untracked 
|  94|0x0000000710800000, 0x0000000710900000, 0x0000000710900000|100%| O|  |TAMS 0x0000000710900000, 0x0000000710900000| Untracked 
|  95|0x0000000710900000, 0x0000000710a00000, 0x0000000710a00000|100%|HS|  |TAMS 0x0000000710a00000, 0x0000000710a00000| Complete 
|  96|0x0000000710a00000, 0x0000000710b00000, 0x0000000710b00000|100%| O|  |TAMS 0x0000000710b00000, 0x0000000710b00000| Untracked 
|  97|0x0000000710b00000, 0x0000000710c00000, 0x0000000710c00000|100%| O|  |TAMS 0x0000000710c00000, 0x0000000710c00000| Untracked 
|  98|0x0000000710c00000, 0x0000000710d00000, 0x0000000710d00000|100%| O|  |TAMS 0x0000000710d00000, 0x0000000710d00000| Untracked 
|  99|0x0000000710d00000, 0x0000000710e00000, 0x0000000710e00000|100%| O|  |TAMS 0x0000000710e00000, 0x0000000710e00000| Untracked 
| 100|0x0000000710e00000, 0x0000000710f00000, 0x0000000710f00000|100%| O|  |TAMS 0x0000000710f00000, 0x0000000710f00000| Untracked 
| 101|0x0000000710f00000, 0x0000000711000000, 0x0000000711000000|100%| O|  |TAMS 0x0000000711000000, 0x0000000711000000| Untracked 
| 102|0x0000000711000000, 0x0000000711100000, 0x0000000711100000|100%| O|  |TAMS 0x0000000711100000, 0x0000000711100000| Untracked 
| 103|0x0000000711100000, 0x0000000711200000, 0x0000000711200000|100%| O|  |TAMS 0x0000000711200000, 0x0000000711200000| Untracked 
| 104|0x0000000711200000, 0x0000000711300000, 0x0000000711300000|100%| O|  |TAMS 0x0000000711300000, 0x0000000711300000| Untracked 
| 105|0x0000000711300000, 0x0000000711400000, 0x0000000711400000|100%| O|  |TAMS 0x0000000711400000, 0x0000000711400000| Untracked 
| 106|0x0000000711400000, 0x0000000711500000, 0x0000000711500000|100%| O|  |TAMS 0x0000000711500000, 0x0000000711500000| Untracked 
| 107|0x0000000711500000, 0x0000000711600000, 0x0000000711600000|100%| O|  |TAMS 0x0000000711600000, 0x0000000711600000| Untracked 
| 108|0x0000000711600000, 0x0000000711700000, 0x0000000711700000|100%| O|  |TAMS 0x0000000711700000, 0x0000000711700000| Untracked 
| 109|0x0000000711700000, 0x0000000711800000, 0x0000000711800000|100%| O|  |TAMS 0x0000000711800000, 0x0000000711800000| Untracked 
| 110|0x0000000711800000, 0x0000000711900000, 0x0000000711900000|100%| O|  |TAMS 0x0000000711900000, 0x0000000711900000| Untracked 
| 111|0x0000000711900000, 0x0000000711a00000, 0x0000000711a00000|100%| O|  |TAMS 0x0000000711a00000, 0x0000000711a00000| Untracked 
| 112|0x0000000711a00000, 0x0000000711b00000, 0x0000000711b00000|100%| O|  |TAMS 0x0000000711b00000, 0x0000000711b00000| Untracked 
| 113|0x0000000711b00000, 0x0000000711c00000, 0x0000000711c00000|100%| O|  |TAMS 0x0000000711c00000, 0x0000000711c00000| Untracked 
| 114|0x0000000711c00000, 0x0000000711d00000, 0x0000000711d00000|100%| O|  |TAMS 0x0000000711d00000, 0x0000000711d00000| Untracked 
| 115|0x0000000711d00000, 0x0000000711e00000, 0x0000000711e00000|100%| O|  |TAMS 0x0000000711e00000, 0x0000000711e00000| Untracked 
| 116|0x0000000711e00000, 0x0000000711f00000, 0x0000000711f00000|100%| O|  |TAMS 0x0000000711f00000, 0x0000000711f00000| Untracked 
| 117|0x0000000711f00000, 0x0000000712000000, 0x0000000712000000|100%| O|  |TAMS 0x0000000712000000, 0x0000000712000000| Untracked 
| 118|0x0000000712000000, 0x0000000712100000, 0x0000000712100000|100%| O|  |TAMS 0x0000000712100000, 0x0000000712100000| Untracked 
| 119|0x0000000712100000, 0x0000000712200000, 0x0000000712200000|100%| O|  |TAMS 0x0000000712200000, 0x0000000712200000| Untracked 
| 120|0x0000000712200000, 0x0000000712300000, 0x0000000712300000|100%| O|  |TAMS 0x0000000712300000, 0x0000000712300000| Untracked 
| 121|0x0000000712300000, 0x0000000712400000, 0x0000000712400000|100%| O|  |TAMS 0x0000000712400000, 0x0000000712400000| Untracked 
| 122|0x0000000712400000, 0x0000000712500000, 0x0000000712500000|100%| O|  |TAMS 0x0000000712500000, 0x0000000712500000| Untracked 
| 123|0x0000000712500000, 0x0000000712600000, 0x0000000712600000|100%| O|  |TAMS 0x0000000712600000, 0x0000000712600000| Untracked 
| 124|0x0000000712600000, 0x0000000712700000, 0x0000000712700000|100%| O|  |TAMS 0x0000000712700000, 0x0000000712700000| Untracked 
| 125|0x0000000712700000, 0x0000000712800000, 0x0000000712800000|100%| O|  |TAMS 0x0000000712800000, 0x0000000712800000| Untracked 
| 126|0x0000000712800000, 0x0000000712900000, 0x0000000712900000|100%| O|  |TAMS 0x0000000712900000, 0x0000000712900000| Untracked 
| 127|0x0000000712900000, 0x0000000712a00000, 0x0000000712a00000|100%| O|  |TAMS 0x0000000712a00000, 0x0000000712a00000| Untracked 
| 128|0x0000000712a00000, 0x0000000712b00000, 0x0000000712b00000|100%| O|  |TAMS 0x0000000712b00000, 0x0000000712b00000| Untracked 
| 129|0x0000000712b00000, 0x0000000712c00000, 0x0000000712c00000|100%| O|  |TAMS 0x0000000712c00000, 0x0000000712c00000| Untracked 
| 130|0x0000000712c00000, 0x0000000712d00000, 0x0000000712d00000|100%| O|  |TAMS 0x0000000712d00000, 0x0000000712d00000| Untracked 
| 131|0x0000000712d00000, 0x0000000712e00000, 0x0000000712e00000|100%| O|  |TAMS 0x0000000712e00000, 0x0000000712e00000| Untracked 
| 132|0x0000000712e00000, 0x0000000712f00000, 0x0000000712f00000|100%| O|  |TAMS 0x0000000712f00000, 0x0000000712f00000| Untracked 
| 133|0x0000000712f00000, 0x0000000713000000, 0x0000000713000000|100%| O|  |TAMS 0x0000000713000000, 0x0000000713000000| Untracked 
| 134|0x0000000713000000, 0x0000000713100000, 0x0000000713100000|100%| O|  |TAMS 0x0000000713100000, 0x0000000713100000| Untracked 
| 135|0x0000000713100000, 0x0000000713200000, 0x0000000713200000|100%| O|  |TAMS 0x0000000713200000, 0x0000000713200000| Untracked 
| 136|0x0000000713200000, 0x0000000713300000, 0x0000000713300000|100%| O|  |TAMS 0x0000000713300000, 0x0000000713300000| Untracked 
| 137|0x0000000713300000, 0x0000000713400000, 0x0000000713400000|100%| O|  |TAMS 0x0000000713400000, 0x0000000713400000| Untracked 
| 138|0x0000000713400000, 0x0000000713500000, 0x0000000713500000|100%| O|  |TAMS 0x0000000713500000, 0x0000000713500000| Untracked 
| 139|0x0000000713500000, 0x0000000713600000, 0x0000000713600000|100%| O|  |TAMS 0x0000000713600000, 0x0000000713600000| Untracked 
| 140|0x0000000713600000, 0x0000000713609400, 0x0000000713700000|  3%| O|  |TAMS 0x0000000713607200, 0x0000000713609400| Untracked 
| 141|0x0000000713700000, 0x0000000713800000, 0x0000000713800000|100%| O|  |TAMS 0x0000000713800000, 0x0000000713800000| Untracked 
| 142|0x0000000713800000, 0x0000000713900000, 0x0000000713900000|100%| O|  |TAMS 0x0000000713900000, 0x0000000713900000| Untracked 
| 143|0x0000000713900000, 0x0000000713a00000, 0x0000000713a00000|100%| O|  |TAMS 0x0000000713a00000, 0x0000000713a00000| Untracked 
| 144|0x0000000713a00000, 0x0000000713b00000, 0x0000000713b00000|100%| O|  |TAMS 0x0000000713b00000, 0x0000000713b00000| Untracked 
| 145|0x0000000713b00000, 0x0000000713c00000, 0x0000000713c00000|100%| O|  |TAMS 0x0000000713c00000, 0x0000000713c00000| Untracked 
| 146|0x0000000713c00000, 0x0000000713d00000, 0x0000000713d00000|100%| O|  |TAMS 0x0000000713d00000, 0x0000000713d00000| Untracked 
| 147|0x0000000713d00000, 0x0000000713e00000, 0x0000000713e00000|100%| O|  |TAMS 0x0000000713e00000, 0x0000000713e00000| Untracked 
| 148|0x0000000713e00000, 0x0000000713f00000, 0x0000000713f00000|100%| O|  |TAMS 0x0000000713f00000, 0x0000000713f00000| Untracked 
| 149|0x0000000713f00000, 0x0000000714000000, 0x0000000714000000|100%| O|  |TAMS 0x0000000714000000, 0x0000000714000000| Untracked 
| 150|0x0000000714000000, 0x0000000714100000, 0x0000000714100000|100%| O|  |TAMS 0x0000000714100000, 0x0000000714100000| Untracked 
| 151|0x0000000714100000, 0x0000000714200000, 0x0000000714200000|100%| O|  |TAMS 0x0000000714200000, 0x0000000714200000| Untracked 
| 152|0x0000000714200000, 0x0000000714300000, 0x0000000714300000|100%| O|  |TAMS 0x0000000714300000, 0x0000000714300000| Untracked 
| 153|0x0000000714300000, 0x0000000714400000, 0x0000000714400000|100%| O|  |TAMS 0x0000000714400000, 0x0000000714400000| Untracked 
| 154|0x0000000714400000, 0x0000000714500000, 0x0000000714500000|100%| O|  |TAMS 0x0000000714500000, 0x0000000714500000| Untracked 
| 155|0x0000000714500000, 0x0000000714600000, 0x0000000714600000|100%| O|  |TAMS 0x0000000714600000, 0x0000000714600000| Untracked 
| 156|0x0000000714600000, 0x0000000714700000, 0x0000000714700000|100%| O|  |TAMS 0x0000000714700000, 0x0000000714700000| Untracked 
| 157|0x0000000714700000, 0x0000000714800000, 0x0000000714800000|100%| O|  |TAMS 0x0000000714800000, 0x0000000714800000| Untracked 
| 158|0x0000000714800000, 0x0000000714900000, 0x0000000714900000|100%| O|  |TAMS 0x0000000714900000, 0x0000000714900000| Untracked 
| 159|0x0000000714900000, 0x0000000714a00000, 0x0000000714a00000|100%| O|  |TAMS 0x0000000714a00000, 0x0000000714a00000| Untracked 
| 160|0x0000000714a00000, 0x0000000714b00000, 0x0000000714b00000|100%| O|  |TAMS 0x0000000714b00000, 0x0000000714b00000| Untracked 
| 161|0x0000000714b00000, 0x0000000714c00000, 0x0000000714c00000|100%| O|  |TAMS 0x0000000714c00000, 0x0000000714c00000| Untracked 
| 162|0x0000000714c00000, 0x0000000714c00000, 0x0000000714d00000|  0%| F|  |TAMS 0x0000000714c00000, 0x0000000714c00000| Untracked 
| 163|0x0000000714d00000, 0x0000000714e00000, 0x0000000714e00000|100%|HS|  |TAMS 0x0000000714d00000, 0x0000000714e00000| Complete 
| 164|0x0000000714e00000, 0x0000000714f00000, 0x0000000714f00000|100%| O|  |TAMS 0x0000000714f00000, 0x0000000714f00000| Untracked 
| 165|0x0000000714f00000, 0x0000000715000000, 0x0000000715000000|100%| O|  |TAMS 0x0000000715000000, 0x0000000715000000| Untracked 
| 166|0x0000000715000000, 0x0000000715100000, 0x0000000715100000|100%|HS|  |TAMS 0x0000000715000000, 0x0000000715100000| Complete 
| 167|0x0000000715100000, 0x0000000715100000, 0x0000000715200000|  0%| F|  |TAMS 0x0000000715100000, 0x0000000715100000| Untracked 
| 168|0x0000000715200000, 0x0000000715300000, 0x0000000715300000|100%| O|  |TAMS 0x0000000715300000, 0x0000000715300000| Untracked 
| 169|0x0000000715300000, 0x0000000715400000, 0x0000000715400000|100%| O|  |TAMS 0x0000000715400000, 0x0000000715400000| Untracked 
| 170|0x0000000715400000, 0x0000000715400000, 0x0000000715500000|  0%| F|  |TAMS 0x0000000715400000, 0x0000000715400000| Untracked 
| 171|0x0000000715500000, 0x0000000715500000, 0x0000000715600000|  0%| F|  |TAMS 0x0000000715500000, 0x0000000715500000| Untracked 
| 172|0x0000000715600000, 0x0000000715600000, 0x0000000715700000|  0%| F|  |TAMS 0x0000000715600000, 0x0000000715600000| Untracked 
| 173|0x0000000715700000, 0x0000000715800000, 0x0000000715800000|100%| O|  |TAMS 0x0000000715800000, 0x0000000715800000| Untracked 
| 174|0x0000000715800000, 0x0000000715800000, 0x0000000715900000|  0%| F|  |TAMS 0x0000000715800000, 0x0000000715800000| Untracked 
| 175|0x0000000715900000, 0x0000000715900000, 0x0000000715a00000|  0%| F|  |TAMS 0x0000000715900000, 0x0000000715900000| Untracked 
| 176|0x0000000715a00000, 0x0000000715a00000, 0x0000000715b00000|  0%| F|  |TAMS 0x0000000715a00000, 0x0000000715a00000| Untracked 
| 177|0x0000000715b00000, 0x0000000715b00000, 0x0000000715c00000|  0%| F|  |TAMS 0x0000000715b00000, 0x0000000715b00000| Untracked 
| 178|0x0000000715c00000, 0x0000000715d00000, 0x0000000715d00000|100%| O|  |TAMS 0x0000000715d00000, 0x0000000715d00000| Untracked 
| 179|0x0000000715d00000, 0x0000000715d00000, 0x0000000715e00000|  0%| F|  |TAMS 0x0000000715d00000, 0x0000000715d00000| Untracked 
| 180|0x0000000715e00000, 0x0000000715e00000, 0x0000000715f00000|  0%| F|  |TAMS 0x0000000715e00000, 0x0000000715e00000| Untracked 
| 181|0x0000000715f00000, 0x0000000715f00000, 0x0000000716000000|  0%| F|  |TAMS 0x0000000715f00000, 0x0000000715f00000| Untracked 
| 182|0x0000000716000000, 0x0000000716000000, 0x0000000716100000|  0%| F|  |TAMS 0x0000000716000000, 0x0000000716000000| Untracked 
| 183|0x0000000716100000, 0x0000000716100000, 0x0000000716200000|  0%| F|  |TAMS 0x0000000716100000, 0x0000000716100000| Untracked 
| 184|0x0000000716200000, 0x0000000716200000, 0x0000000716300000|  0%| F|  |TAMS 0x0000000716200000, 0x0000000716200000| Untracked 
| 185|0x0000000716300000, 0x0000000716300000, 0x0000000716400000|  0%| F|  |TAMS 0x0000000716300000, 0x0000000716300000| Untracked 
| 186|0x0000000716400000, 0x0000000716400000, 0x0000000716500000|  0%| F|  |TAMS 0x0000000716400000, 0x0000000716400000| Untracked 
| 187|0x0000000716500000, 0x0000000716500000, 0x0000000716600000|  0%| F|  |TAMS 0x0000000716500000, 0x0000000716500000| Untracked 
| 188|0x0000000716600000, 0x0000000716600000, 0x0000000716700000|  0%| F|  |TAMS 0x0000000716600000, 0x0000000716600000| Untracked 
| 189|0x0000000716700000, 0x0000000716700000, 0x0000000716800000|  0%| F|  |TAMS 0x0000000716700000, 0x0000000716700000| Untracked 
| 190|0x0000000716800000, 0x0000000716800000, 0x0000000716900000|  0%| F|  |TAMS 0x0000000716800000, 0x0000000716800000| Untracked 
| 191|0x0000000716900000, 0x0000000716900000, 0x0000000716a00000|  0%| F|  |TAMS 0x0000000716900000, 0x0000000716900000| Untracked 
| 192|0x0000000716a00000, 0x0000000716b00000, 0x0000000716b00000|100%| O|  |TAMS 0x0000000716b00000, 0x0000000716b00000| Untracked 
| 193|0x0000000716b00000, 0x0000000716b00000, 0x0000000716c00000|  0%| F|  |TAMS 0x0000000716b00000, 0x0000000716b00000| Untracked 
| 194|0x0000000716c00000, 0x0000000716d00000, 0x0000000716d00000|100%| O|  |TAMS 0x0000000716d00000, 0x0000000716d00000| Untracked 
| 195|0x0000000716d00000, 0x0000000716d00000, 0x0000000716e00000|  0%| F|  |TAMS 0x0000000716d00000, 0x0000000716d00000| Untracked 
| 196|0x0000000716e00000, 0x0000000716e00000, 0x0000000716f00000|  0%| F|  |TAMS 0x0000000716e00000, 0x0000000716e00000| Untracked 
| 197|0x0000000716f00000, 0x0000000717000000, 0x0000000717000000|100%| O|  |TAMS 0x0000000717000000, 0x0000000717000000| Untracked 
| 198|0x0000000717000000, 0x0000000717100000, 0x0000000717100000|100%| O|  |TAMS 0x0000000717100000, 0x0000000717100000| Untracked 
| 199|0x0000000717100000, 0x0000000717200000, 0x0000000717200000|100%| O|  |TAMS 0x0000000717200000, 0x0000000717200000| Untracked 
| 200|0x0000000717200000, 0x0000000717300000, 0x0000000717300000|100%| O|  |TAMS 0x0000000717300000, 0x0000000717300000| Untracked 
| 201|0x0000000717300000, 0x0000000717400000, 0x0000000717400000|100%| O|  |TAMS 0x0000000717400000, 0x0000000717400000| Untracked 
| 202|0x0000000717400000, 0x0000000717500000, 0x0000000717500000|100%| O|  |TAMS 0x0000000717500000, 0x0000000717500000| Untracked 
| 203|0x0000000717500000, 0x0000000717500000, 0x0000000717600000|  0%| F|  |TAMS 0x0000000717500000, 0x0000000717500000| Untracked 
| 204|0x0000000717600000, 0x0000000717600000, 0x0000000717700000|  0%| F|  |TAMS 0x0000000717600000, 0x0000000717600000| Untracked 
| 205|0x0000000717700000, 0x0000000717800000, 0x0000000717800000|100%| O|  |TAMS 0x0000000717800000, 0x0000000717800000| Untracked 
| 206|0x0000000717800000, 0x0000000717800000, 0x0000000717900000|  0%| F|  |TAMS 0x0000000717800000, 0x0000000717800000| Untracked 
| 207|0x0000000717900000, 0x0000000717900000, 0x0000000717a00000|  0%| F|  |TAMS 0x0000000717900000, 0x0000000717900000| Untracked 
| 208|0x0000000717a00000, 0x0000000717a00000, 0x0000000717b00000|  0%| F|  |TAMS 0x0000000717a00000, 0x0000000717a00000| Untracked 
| 209|0x0000000717b00000, 0x0000000717b00000, 0x0000000717c00000|  0%| F|  |TAMS 0x0000000717b00000, 0x0000000717b00000| Untracked 
| 210|0x0000000717c00000, 0x0000000717c00000, 0x0000000717d00000|  0%| F|  |TAMS 0x0000000717c00000, 0x0000000717c00000| Untracked 
| 211|0x0000000717d00000, 0x0000000717d00000, 0x0000000717e00000|  0%| F|  |TAMS 0x0000000717d00000, 0x0000000717d00000| Untracked 
| 212|0x0000000717e00000, 0x0000000717e00000, 0x0000000717f00000|  0%| F|  |TAMS 0x0000000717e00000, 0x0000000717e00000| Untracked 
| 213|0x0000000717f00000, 0x0000000717f00000, 0x0000000718000000|  0%| F|  |TAMS 0x0000000717f00000, 0x0000000717f00000| Untracked 
| 214|0x0000000718000000, 0x0000000718000000, 0x0000000718100000|  0%| F|  |TAMS 0x0000000718000000, 0x0000000718000000| Untracked 
| 215|0x0000000718100000, 0x0000000718100000, 0x0000000718200000|  0%| F|  |TAMS 0x0000000718100000, 0x0000000718100000| Untracked 
| 216|0x0000000718200000, 0x0000000718200000, 0x0000000718300000|  0%| F|  |TAMS 0x0000000718200000, 0x0000000718200000| Untracked 
| 217|0x0000000718300000, 0x0000000718300000, 0x0000000718400000|  0%| F|  |TAMS 0x0000000718300000, 0x0000000718300000| Untracked 
| 218|0x0000000718400000, 0x0000000718400000, 0x0000000718500000|  0%| F|  |TAMS 0x0000000718400000, 0x0000000718400000| Untracked 
| 219|0x0000000718500000, 0x0000000718500000, 0x0000000718600000|  0%| F|  |TAMS 0x0000000718500000, 0x0000000718500000| Untracked 
| 220|0x0000000718600000, 0x0000000718600000, 0x0000000718700000|  0%| F|  |TAMS 0x0000000718600000, 0x0000000718600000| Untracked 
| 221|0x0000000718700000, 0x0000000718700000, 0x0000000718800000|  0%| F|  |TAMS 0x0000000718700000, 0x0000000718700000| Untracked 
| 222|0x0000000718800000, 0x0000000718800000, 0x0000000718900000|  0%| F|  |TAMS 0x0000000718800000, 0x0000000718800000| Untracked 
| 223|0x0000000718900000, 0x0000000718900000, 0x0000000718a00000|  0%| F|  |TAMS 0x0000000718900000, 0x0000000718900000| Untracked 
| 224|0x0000000718a00000, 0x0000000718a00000, 0x0000000718b00000|  0%| F|  |TAMS 0x0000000718a00000, 0x0000000718a00000| Untracked 
| 225|0x0000000718b00000, 0x0000000718b00000, 0x0000000718c00000|  0%| F|  |TAMS 0x0000000718b00000, 0x0000000718b00000| Untracked 
| 226|0x0000000718c00000, 0x0000000718c00000, 0x0000000718d00000|  0%| F|  |TAMS 0x0000000718c00000, 0x0000000718c00000| Untracked 
| 227|0x0000000718d00000, 0x0000000718d00000, 0x0000000718e00000|  0%| F|  |TAMS 0x0000000718d00000, 0x0000000718d00000| Untracked 
| 228|0x0000000718e00000, 0x0000000718e00000, 0x0000000718f00000|  0%| F|  |TAMS 0x0000000718e00000, 0x0000000718e00000| Untracked 
| 229|0x0000000718f00000, 0x0000000718f00000, 0x0000000719000000|  0%| F|  |TAMS 0x0000000718f00000, 0x0000000718f00000| Untracked 
| 230|0x0000000719000000, 0x0000000719000000, 0x0000000719100000|  0%| F|  |TAMS 0x0000000719000000, 0x0000000719000000| Untracked 
| 231|0x0000000719100000, 0x0000000719100000, 0x0000000719200000|  0%| F|  |TAMS 0x0000000719100000, 0x0000000719100000| Untracked 
| 232|0x0000000719200000, 0x0000000719300000, 0x0000000719300000|100%| O|  |TAMS 0x0000000719300000, 0x0000000719300000| Untracked 
| 233|0x0000000719300000, 0x0000000719400000, 0x0000000719400000|100%| O|  |TAMS 0x0000000719400000, 0x0000000719400000| Untracked 
| 234|0x0000000719400000, 0x0000000719400000, 0x0000000719500000|  0%| F|  |TAMS 0x0000000719400000, 0x0000000719400000| Untracked 
| 235|0x0000000719500000, 0x0000000719600000, 0x0000000719600000|100%| O|  |TAMS 0x0000000719600000, 0x0000000719600000| Untracked 
| 236|0x0000000719600000, 0x0000000719600000, 0x0000000719700000|  0%| F|  |TAMS 0x0000000719600000, 0x0000000719600000| Untracked 
| 237|0x0000000719700000, 0x0000000719700000, 0x0000000719800000|  0%| F|  |TAMS 0x0000000719700000, 0x0000000719700000| Untracked 
| 238|0x0000000719800000, 0x0000000719800000, 0x0000000719900000|  0%| F|  |TAMS 0x0000000719800000, 0x0000000719800000| Untracked 
| 239|0x0000000719900000, 0x0000000719900000, 0x0000000719a00000|  0%| F|  |TAMS 0x0000000719900000, 0x0000000719900000| Untracked 
| 240|0x0000000719a00000, 0x0000000719a00000, 0x0000000719b00000|  0%| F|  |TAMS 0x0000000719a00000, 0x0000000719a00000| Untracked 
| 241|0x0000000719b00000, 0x0000000719b00000, 0x0000000719c00000|  0%| F|  |TAMS 0x0000000719b00000, 0x0000000719b00000| Untracked 
| 242|0x0000000719c00000, 0x0000000719c00000, 0x0000000719d00000|  0%| F|  |TAMS 0x0000000719c00000, 0x0000000719c00000| Untracked 
| 243|0x0000000719d00000, 0x0000000719d00000, 0x0000000719e00000|  0%| F|  |TAMS 0x0000000719d00000, 0x0000000719d00000| Untracked 
| 244|0x0000000719e00000, 0x0000000719e00000, 0x0000000719f00000|  0%| F|  |TAMS 0x0000000719e00000, 0x0000000719e00000| Untracked 
| 245|0x0000000719f00000, 0x0000000719f00000, 0x000000071a000000|  0%| F|  |TAMS 0x0000000719f00000, 0x0000000719f00000| Untracked 
| 246|0x000000071a000000, 0x000000071a000000, 0x000000071a100000|  0%| F|  |TAMS 0x000000071a000000, 0x000000071a000000| Untracked 
| 247|0x000000071a100000, 0x000000071a100000, 0x000000071a200000|  0%| F|  |TAMS 0x000000071a100000, 0x000000071a100000| Untracked 
| 248|0x000000071a200000, 0x000000071a200000, 0x000000071a300000|  0%| F|  |TAMS 0x000000071a200000, 0x000000071a200000| Untracked 
| 249|0x000000071a300000, 0x000000071a300000, 0x000000071a400000|  0%| F|  |TAMS 0x000000071a300000, 0x000000071a300000| Untracked 
| 250|0x000000071a400000, 0x000000071a400000, 0x000000071a500000|  0%| F|  |TAMS 0x000000071a400000, 0x000000071a400000| Untracked 
| 251|0x000000071a500000, 0x000000071a500000, 0x000000071a600000|  0%| F|  |TAMS 0x000000071a500000, 0x000000071a500000| Untracked 
| 252|0x000000071a600000, 0x000000071a600000, 0x000000071a700000|  0%| F|  |TAMS 0x000000071a600000, 0x000000071a600000| Untracked 
| 253|0x000000071a700000, 0x000000071a700000, 0x000000071a800000|  0%| F|  |TAMS 0x000000071a700000, 0x000000071a700000| Untracked 
| 254|0x000000071a800000, 0x000000071a800000, 0x000000071a900000|  0%| F|  |TAMS 0x000000071a800000, 0x000000071a800000| Untracked 
| 255|0x000000071a900000, 0x000000071a900000, 0x000000071aa00000|  0%| F|  |TAMS 0x000000071a900000, 0x000000071a900000| Untracked 
| 256|0x000000071aa00000, 0x000000071aa00000, 0x000000071ab00000|  0%| F|  |TAMS 0x000000071aa00000, 0x000000071aa00000| Untracked 
| 257|0x000000071ab00000, 0x000000071ab00000, 0x000000071ac00000|  0%| F|  |TAMS 0x000000071ab00000, 0x000000071ab00000| Untracked 
| 258|0x000000071ac00000, 0x000000071ac00000, 0x000000071ad00000|  0%| F|  |TAMS 0x000000071ac00000, 0x000000071ac00000| Untracked 
| 259|0x000000071ad00000, 0x000000071ae00000, 0x000000071ae00000|100%| O|  |TAMS 0x000000071ae00000, 0x000000071ae00000| Untracked 
| 260|0x000000071ae00000, 0x000000071ae00000, 0x000000071af00000|  0%| F|  |TAMS 0x000000071ae00000, 0x000000071ae00000| Untracked 
| 261|0x000000071af00000, 0x000000071af00000, 0x000000071b000000|  0%| F|  |TAMS 0x000000071af00000, 0x000000071af00000| Untracked 
| 262|0x000000071b000000, 0x000000071b000000, 0x000000071b100000|  0%| F|  |TAMS 0x000000071b000000, 0x000000071b000000| Untracked 
| 263|0x000000071b100000, 0x000000071b100000, 0x000000071b200000|  0%| F|  |TAMS 0x000000071b100000, 0x000000071b100000| Untracked 
| 264|0x000000071b200000, 0x000000071b200000, 0x000000071b300000|  0%| F|  |TAMS 0x000000071b200000, 0x000000071b200000| Untracked 
| 265|0x000000071b300000, 0x000000071b300000, 0x000000071b400000|  0%| F|  |TAMS 0x000000071b300000, 0x000000071b300000| Untracked 
| 266|0x000000071b400000, 0x000000071b500000, 0x000000071b500000|100%| O|  |TAMS 0x000000071b500000, 0x000000071b500000| Untracked 
| 267|0x000000071b500000, 0x000000071b500000, 0x000000071b600000|  0%| F|  |TAMS 0x000000071b500000, 0x000000071b500000| Untracked 
| 268|0x000000071b600000, 0x000000071b600000, 0x000000071b700000|  0%| F|  |TAMS 0x000000071b600000, 0x000000071b600000| Untracked 
| 269|0x000000071b700000, 0x000000071b700000, 0x000000071b800000|  0%| F|  |TAMS 0x000000071b700000, 0x000000071b700000| Untracked 
| 270|0x000000071b800000, 0x000000071b800000, 0x000000071b900000|  0%| F|  |TAMS 0x000000071b800000, 0x000000071b800000| Untracked 
| 271|0x000000071b900000, 0x000000071b900000, 0x000000071ba00000|  0%| F|  |TAMS 0x000000071b900000, 0x000000071b900000| Untracked 
| 272|0x000000071ba00000, 0x000000071ba00000, 0x000000071bb00000|  0%| F|  |TAMS 0x000000071ba00000, 0x000000071ba00000| Untracked 
| 273|0x000000071bb00000, 0x000000071bc00000, 0x000000071bc00000|100%| O|  |TAMS 0x000000071bc00000, 0x000000071bc00000| Untracked 
| 274|0x000000071bc00000, 0x000000071bc00000, 0x000000071bd00000|  0%| F|  |TAMS 0x000000071bc00000, 0x000000071bc00000| Untracked 
| 275|0x000000071bd00000, 0x000000071bd00000, 0x000000071be00000|  0%| F|  |TAMS 0x000000071bd00000, 0x000000071bd00000| Untracked 
| 276|0x000000071be00000, 0x000000071be00000, 0x000000071bf00000|  0%| F|  |TAMS 0x000000071be00000, 0x000000071be00000| Untracked 
| 277|0x000000071bf00000, 0x000000071bf00000, 0x000000071c000000|  0%| F|  |TAMS 0x000000071bf00000, 0x000000071bf00000| Untracked 
| 278|0x000000071c000000, 0x000000071c000000, 0x000000071c100000|  0%| F|  |TAMS 0x000000071c000000, 0x000000071c000000| Untracked 
| 279|0x000000071c100000, 0x000000071c100000, 0x000000071c200000|  0%| F|  |TAMS 0x000000071c100000, 0x000000071c100000| Untracked 
| 280|0x000000071c200000, 0x000000071c200000, 0x000000071c300000|  0%| F|  |TAMS 0x000000071c200000, 0x000000071c200000| Untracked 
| 281|0x000000071c300000, 0x000000071c300000, 0x000000071c400000|  0%| F|  |TAMS 0x000000071c300000, 0x000000071c300000| Untracked 
| 282|0x000000071c400000, 0x000000071c400000, 0x000000071c500000|  0%| F|  |TAMS 0x000000071c400000, 0x000000071c400000| Untracked 
| 283|0x000000071c500000, 0x000000071c500000, 0x000000071c600000|  0%| F|  |TAMS 0x000000071c500000, 0x000000071c500000| Untracked 
| 284|0x000000071c600000, 0x000000071c600000, 0x000000071c700000|  0%| F|  |TAMS 0x000000071c600000, 0x000000071c600000| Untracked 
| 285|0x000000071c700000, 0x000000071c800000, 0x000000071c800000|100%| O|  |TAMS 0x000000071c800000, 0x000000071c800000| Untracked 
| 286|0x000000071c800000, 0x000000071c800000, 0x000000071c900000|  0%| F|  |TAMS 0x000000071c800000, 0x000000071c800000| Untracked 
| 287|0x000000071c900000, 0x000000071ca00000, 0x000000071ca00000|100%| O|  |TAMS 0x000000071ca00000, 0x000000071ca00000| Untracked 
| 288|0x000000071ca00000, 0x000000071ca00000, 0x000000071cb00000|  0%| F|  |TAMS 0x000000071ca00000, 0x000000071ca00000| Untracked 
| 289|0x000000071cb00000, 0x000000071cb00000, 0x000000071cc00000|  0%| F|  |TAMS 0x000000071cb00000, 0x000000071cb00000| Untracked 
| 290|0x000000071cc00000, 0x000000071cc00000, 0x000000071cd00000|  0%| F|  |TAMS 0x000000071cc00000, 0x000000071cc00000| Untracked 
| 291|0x000000071cd00000, 0x000000071ce00000, 0x000000071ce00000|100%| O|  |TAMS 0x000000071ce00000, 0x000000071ce00000| Untracked 
| 292|0x000000071ce00000, 0x000000071ce00000, 0x000000071cf00000|  0%| F|  |TAMS 0x000000071ce00000, 0x000000071ce00000| Untracked 
| 293|0x000000071cf00000, 0x000000071cf00000, 0x000000071d000000|  0%| F|  |TAMS 0x000000071cf00000, 0x000000071cf00000| Untracked 
| 294|0x000000071d000000, 0x000000071d100000, 0x000000071d100000|100%| O|  |TAMS 0x000000071d100000, 0x000000071d100000| Untracked 
| 295|0x000000071d100000, 0x000000071d100000, 0x000000071d200000|  0%| F|  |TAMS 0x000000071d100000, 0x000000071d100000| Untracked 
| 296|0x000000071d200000, 0x000000071d300000, 0x000000071d300000|100%| O|  |TAMS 0x000000071d300000, 0x000000071d300000| Untracked 
| 297|0x000000071d300000, 0x000000071d300000, 0x000000071d400000|  0%| F|  |TAMS 0x000000071d300000, 0x000000071d300000| Untracked 
| 298|0x000000071d400000, 0x000000071d400000, 0x000000071d500000|  0%| F|  |TAMS 0x000000071d400000, 0x000000071d400000| Untracked 
| 299|0x000000071d500000, 0x000000071d600000, 0x000000071d600000|100%| O|  |TAMS 0x000000071d600000, 0x000000071d600000| Untracked 
| 300|0x000000071d600000, 0x000000071d600000, 0x000000071d700000|  0%| F|  |TAMS 0x000000071d600000, 0x000000071d600000| Untracked 
| 301|0x000000071d700000, 0x000000071d700000, 0x000000071d800000|  0%| F|  |TAMS 0x000000071d700000, 0x000000071d700000| Untracked 
| 302|0x000000071d800000, 0x000000071d800000, 0x000000071d900000|  0%| F|  |TAMS 0x000000071d800000, 0x000000071d800000| Untracked 
| 303|0x000000071d900000, 0x000000071d900000, 0x000000071da00000|  0%| F|  |TAMS 0x000000071d900000, 0x000000071d900000| Untracked 
| 304|0x000000071da00000, 0x000000071da00000, 0x000000071db00000|  0%| F|  |TAMS 0x000000071da00000, 0x000000071da00000| Untracked 
| 305|0x000000071db00000, 0x000000071db00000, 0x000000071dc00000|  0%| F|  |TAMS 0x000000071db00000, 0x000000071db00000| Untracked 
| 306|0x000000071dc00000, 0x000000071dc00000, 0x000000071dd00000|  0%| F|  |TAMS 0x000000071dc00000, 0x000000071dc00000| Untracked 
| 307|0x000000071dd00000, 0x000000071dd00000, 0x000000071de00000|  0%| F|  |TAMS 0x000000071dd00000, 0x000000071dd00000| Untracked 
| 308|0x000000071de00000, 0x000000071de00000, 0x000000071df00000|  0%| F|  |TAMS 0x000000071de00000, 0x000000071de00000| Untracked 
| 309|0x000000071df00000, 0x000000071df00000, 0x000000071e000000|  0%| F|  |TAMS 0x000000071df00000, 0x000000071df00000| Untracked 
| 310|0x000000071e000000, 0x000000071e000000, 0x000000071e100000|  0%| F|  |TAMS 0x000000071e000000, 0x000000071e000000| Untracked 
| 311|0x000000071e100000, 0x000000071e100000, 0x000000071e200000|  0%| F|  |TAMS 0x000000071e100000, 0x000000071e100000| Untracked 
| 312|0x000000071e200000, 0x000000071e200000, 0x000000071e300000|  0%| F|  |TAMS 0x000000071e200000, 0x000000071e200000| Untracked 
| 313|0x000000071e300000, 0x000000071e300000, 0x000000071e400000|  0%| F|  |TAMS 0x000000071e300000, 0x000000071e300000| Untracked 
| 314|0x000000071e400000, 0x000000071e400000, 0x000000071e500000|  0%| F|  |TAMS 0x000000071e400000, 0x000000071e400000| Untracked 
| 315|0x000000071e500000, 0x000000071e500000, 0x000000071e600000|  0%| F|  |TAMS 0x000000071e500000, 0x000000071e500000| Untracked 
| 316|0x000000071e600000, 0x000000071e600000, 0x000000071e700000|  0%| F|  |TAMS 0x000000071e600000, 0x000000071e600000| Untracked 
| 317|0x000000071e700000, 0x000000071e700000, 0x000000071e800000|  0%| F|  |TAMS 0x000000071e700000, 0x000000071e700000| Untracked 
| 318|0x000000071e800000, 0x000000071e800000, 0x000000071e900000|  0%| F|  |TAMS 0x000000071e800000, 0x000000071e800000| Untracked 
| 319|0x000000071e900000, 0x000000071e900000, 0x000000071ea00000|  0%| F|  |TAMS 0x000000071e900000, 0x000000071e900000| Untracked 
| 320|0x000000071ea00000, 0x000000071ea00000, 0x000000071eb00000|  0%| F|  |TAMS 0x000000071ea00000, 0x000000071ea00000| Untracked 
| 321|0x000000071eb00000, 0x000000071eb00000, 0x000000071ec00000|  0%| F|  |TAMS 0x000000071eb00000, 0x000000071eb00000| Untracked 
| 322|0x000000071ec00000, 0x000000071ec00000, 0x000000071ed00000|  0%| F|  |TAMS 0x000000071ec00000, 0x000000071ec00000| Untracked 
| 323|0x000000071ed00000, 0x000000071ed00000, 0x000000071ee00000|  0%| F|  |TAMS 0x000000071ed00000, 0x000000071ed00000| Untracked 
| 324|0x000000071ee00000, 0x000000071ef00000, 0x000000071ef00000|100%| O|  |TAMS 0x000000071ef00000, 0x000000071ef00000| Untracked 
| 325|0x000000071ef00000, 0x000000071f000000, 0x000000071f000000|100%| O|  |TAMS 0x000000071f000000, 0x000000071f000000| Untracked 
| 326|0x000000071f000000, 0x000000071f100000, 0x000000071f100000|100%| O|  |TAMS 0x000000071f100000, 0x000000071f100000| Untracked 
| 327|0x000000071f100000, 0x000000071f100000, 0x000000071f200000|  0%| F|  |TAMS 0x000000071f100000, 0x000000071f100000| Untracked 
| 328|0x000000071f200000, 0x000000071f200000, 0x000000071f300000|  0%| F|  |TAMS 0x000000071f200000, 0x000000071f200000| Untracked 
| 329|0x000000071f300000, 0x000000071f300000, 0x000000071f400000|  0%| F|  |TAMS 0x000000071f300000, 0x000000071f300000| Untracked 
| 330|0x000000071f400000, 0x000000071f400000, 0x000000071f500000|  0%| F|  |TAMS 0x000000071f400000, 0x000000071f400000| Untracked 
| 331|0x000000071f500000, 0x000000071f500000, 0x000000071f600000|  0%| F|  |TAMS 0x000000071f500000, 0x000000071f500000| Untracked 
| 332|0x000000071f600000, 0x000000071f600000, 0x000000071f700000|  0%| F|  |TAMS 0x000000071f600000, 0x000000071f600000| Untracked 
| 333|0x000000071f700000, 0x000000071f700000, 0x000000071f800000|  0%| F|  |TAMS 0x000000071f700000, 0x000000071f700000| Untracked 
| 334|0x000000071f800000, 0x000000071f800000, 0x000000071f900000|  0%| F|  |TAMS 0x000000071f800000, 0x000000071f800000| Untracked 
| 335|0x000000071f900000, 0x000000071f900000, 0x000000071fa00000|  0%| F|  |TAMS 0x000000071f900000, 0x000000071f900000| Untracked 
| 336|0x000000071fa00000, 0x000000071fa00000, 0x000000071fb00000|  0%| F|  |TAMS 0x000000071fa00000, 0x000000071fa00000| Untracked 
| 337|0x000000071fb00000, 0x000000071fb00000, 0x000000071fc00000|  0%| F|  |TAMS 0x000000071fb00000, 0x000000071fb00000| Untracked 
| 338|0x000000071fc00000, 0x000000071fc00000, 0x000000071fd00000|  0%| F|  |TAMS 0x000000071fc00000, 0x000000071fc00000| Untracked 
| 339|0x000000071fd00000, 0x000000071fd00000, 0x000000071fe00000|  0%| F|  |TAMS 0x000000071fd00000, 0x000000071fd00000| Untracked 
| 340|0x000000071fe00000, 0x000000071fe00000, 0x000000071ff00000|  0%| F|  |TAMS 0x000000071fe00000, 0x000000071fe00000| Untracked 
| 341|0x000000071ff00000, 0x000000071ff00000, 0x0000000720000000|  0%| F|  |TAMS 0x000000071ff00000, 0x000000071ff00000| Untracked 
| 342|0x0000000720000000, 0x0000000720000000, 0x0000000720100000|  0%| F|  |TAMS 0x0000000720000000, 0x0000000720000000| Untracked 
| 343|0x0000000720100000, 0x0000000720100000, 0x0000000720200000|  0%| F|  |TAMS 0x0000000720100000, 0x0000000720100000| Untracked 
| 344|0x0000000720200000, 0x0000000720200000, 0x0000000720300000|  0%| F|  |TAMS 0x0000000720200000, 0x0000000720200000| Untracked 
| 345|0x0000000720300000, 0x0000000720300000, 0x0000000720400000|  0%| F|  |TAMS 0x0000000720300000, 0x0000000720300000| Untracked 
| 346|0x0000000720400000, 0x0000000720400000, 0x0000000720500000|  0%| F|  |TAMS 0x0000000720400000, 0x0000000720400000| Untracked 
| 347|0x0000000720500000, 0x0000000720500000, 0x0000000720600000|  0%| F|  |TAMS 0x0000000720500000, 0x0000000720500000| Untracked 
| 348|0x0000000720600000, 0x0000000720600000, 0x0000000720700000|  0%| F|  |TAMS 0x0000000720600000, 0x0000000720600000| Untracked 
| 349|0x0000000720700000, 0x0000000720700000, 0x0000000720800000|  0%| F|  |TAMS 0x0000000720700000, 0x0000000720700000| Untracked 
| 350|0x0000000720800000, 0x0000000720800000, 0x0000000720900000|  0%| F|  |TAMS 0x0000000720800000, 0x0000000720800000| Untracked 
| 351|0x0000000720900000, 0x0000000720900000, 0x0000000720a00000|  0%| F|  |TAMS 0x0000000720900000, 0x0000000720900000| Untracked 
| 352|0x0000000720a00000, 0x0000000720a00000, 0x0000000720b00000|  0%| F|  |TAMS 0x0000000720a00000, 0x0000000720a00000| Untracked 
| 353|0x0000000720b00000, 0x0000000720b00000, 0x0000000720c00000|  0%| F|  |TAMS 0x0000000720b00000, 0x0000000720b00000| Untracked 
| 354|0x0000000720c00000, 0x0000000720c00000, 0x0000000720d00000|  0%| F|  |TAMS 0x0000000720c00000, 0x0000000720c00000| Untracked 
| 355|0x0000000720d00000, 0x0000000720d00000, 0x0000000720e00000|  0%| F|  |TAMS 0x0000000720d00000, 0x0000000720d00000| Untracked 
| 356|0x0000000720e00000, 0x0000000720e00000, 0x0000000720f00000|  0%| F|  |TAMS 0x0000000720e00000, 0x0000000720e00000| Untracked 
| 357|0x0000000720f00000, 0x0000000720f00000, 0x0000000721000000|  0%| F|  |TAMS 0x0000000720f00000, 0x0000000720f00000| Untracked 
| 358|0x0000000721000000, 0x0000000721000000, 0x0000000721100000|  0%| F|  |TAMS 0x0000000721000000, 0x0000000721000000| Untracked 
| 359|0x0000000721100000, 0x0000000721100000, 0x0000000721200000|  0%| F|  |TAMS 0x0000000721100000, 0x0000000721100000| Untracked 
| 360|0x0000000721200000, 0x0000000721300000, 0x0000000721300000|100%| O|  |TAMS 0x0000000721300000, 0x0000000721300000| Untracked 
| 361|0x0000000721300000, 0x0000000721300000, 0x0000000721400000|  0%| F|  |TAMS 0x0000000721300000, 0x0000000721300000| Untracked 
| 362|0x0000000721400000, 0x0000000721400000, 0x0000000721500000|  0%| F|  |TAMS 0x0000000721400000, 0x0000000721400000| Untracked 
| 363|0x0000000721500000, 0x0000000721500000, 0x0000000721600000|  0%| F|  |TAMS 0x0000000721500000, 0x0000000721500000| Untracked 
| 364|0x0000000721600000, 0x0000000721600000, 0x0000000721700000|  0%| F|  |TAMS 0x0000000721600000, 0x0000000721600000| Untracked 
| 365|0x0000000721700000, 0x0000000721700000, 0x0000000721800000|  0%| F|  |TAMS 0x0000000721700000, 0x0000000721700000| Untracked 
| 366|0x0000000721800000, 0x0000000721800000, 0x0000000721900000|  0%| F|  |TAMS 0x0000000721800000, 0x0000000721800000| Untracked 
| 367|0x0000000721900000, 0x0000000721a00000, 0x0000000721a00000|100%| O|  |TAMS 0x0000000721a00000, 0x0000000721a00000| Untracked 
| 368|0x0000000721a00000, 0x0000000721a00000, 0x0000000721b00000|  0%| F|  |TAMS 0x0000000721a00000, 0x0000000721a00000| Untracked 
| 369|0x0000000721b00000, 0x0000000721b00000, 0x0000000721c00000|  0%| F|  |TAMS 0x0000000721b00000, 0x0000000721b00000| Untracked 
| 370|0x0000000721c00000, 0x0000000721c00000, 0x0000000721d00000|  0%| F|  |TAMS 0x0000000721c00000, 0x0000000721c00000| Untracked 
| 371|0x0000000721d00000, 0x0000000721d00000, 0x0000000721e00000|  0%| F|  |TAMS 0x0000000721d00000, 0x0000000721d00000| Untracked 
| 372|0x0000000721e00000, 0x0000000721e00000, 0x0000000721f00000|  0%| F|  |TAMS 0x0000000721e00000, 0x0000000721e00000| Untracked 
| 373|0x0000000721f00000, 0x0000000722000000, 0x0000000722000000|100%| O|  |TAMS 0x0000000722000000, 0x0000000722000000| Untracked 
| 374|0x0000000722000000, 0x0000000722000000, 0x0000000722100000|  0%| F|  |TAMS 0x0000000722000000, 0x0000000722000000| Untracked 
| 375|0x0000000722100000, 0x0000000722100000, 0x0000000722200000|  0%| F|  |TAMS 0x0000000722100000, 0x0000000722100000| Untracked 
| 376|0x0000000722200000, 0x0000000722200000, 0x0000000722300000|  0%| F|  |TAMS 0x0000000722200000, 0x0000000722200000| Untracked 
| 377|0x0000000722300000, 0x0000000722300000, 0x0000000722400000|  0%| F|  |TAMS 0x0000000722300000, 0x0000000722300000| Untracked 
| 378|0x0000000722400000, 0x0000000722400000, 0x0000000722500000|  0%| F|  |TAMS 0x0000000722400000, 0x0000000722400000| Untracked 
| 379|0x0000000722500000, 0x0000000722500000, 0x0000000722600000|  0%| F|  |TAMS 0x0000000722500000, 0x0000000722500000| Untracked 
| 380|0x0000000722600000, 0x0000000722600000, 0x0000000722700000|  0%| F|  |TAMS 0x0000000722600000, 0x0000000722600000| Untracked 
| 381|0x0000000722700000, 0x0000000722700000, 0x0000000722800000|  0%| F|  |TAMS 0x0000000722700000, 0x0000000722700000| Untracked 
| 382|0x0000000722800000, 0x0000000722800000, 0x0000000722900000|  0%| F|  |TAMS 0x0000000722800000, 0x0000000722800000| Untracked 
| 383|0x0000000722900000, 0x0000000722900000, 0x0000000722a00000|  0%| F|  |TAMS 0x0000000722900000, 0x0000000722900000| Untracked 
| 384|0x0000000722a00000, 0x0000000722a00000, 0x0000000722b00000|  0%| F|  |TAMS 0x0000000722a00000, 0x0000000722a00000| Untracked 
| 385|0x0000000722b00000, 0x0000000722b00000, 0x0000000722c00000|  0%| F|  |TAMS 0x0000000722b00000, 0x0000000722b00000| Untracked 
| 386|0x0000000722c00000, 0x0000000722c00000, 0x0000000722d00000|  0%| F|  |TAMS 0x0000000722c00000, 0x0000000722c00000| Untracked 
| 387|0x0000000722d00000, 0x0000000722d00000, 0x0000000722e00000|  0%| F|  |TAMS 0x0000000722d00000, 0x0000000722d00000| Untracked 
| 388|0x0000000722e00000, 0x0000000722e00000, 0x0000000722f00000|  0%| F|  |TAMS 0x0000000722e00000, 0x0000000722e00000| Untracked 
| 389|0x0000000722f00000, 0x0000000722f00000, 0x0000000723000000|  0%| F|  |TAMS 0x0000000722f00000, 0x0000000722f00000| Untracked 
| 390|0x0000000723000000, 0x0000000723000000, 0x0000000723100000|  0%| F|  |TAMS 0x0000000723000000, 0x0000000723000000| Untracked 
| 391|0x0000000723100000, 0x0000000723100000, 0x0000000723200000|  0%| F|  |TAMS 0x0000000723100000, 0x0000000723100000| Untracked 
| 392|0x0000000723200000, 0x0000000723200000, 0x0000000723300000|  0%| F|  |TAMS 0x0000000723200000, 0x0000000723200000| Untracked 
| 393|0x0000000723300000, 0x0000000723300000, 0x0000000723400000|  0%| F|  |TAMS 0x0000000723300000, 0x0000000723300000| Untracked 
| 394|0x0000000723400000, 0x0000000723400000, 0x0000000723500000|  0%| F|  |TAMS 0x0000000723400000, 0x0000000723400000| Untracked 
| 395|0x0000000723500000, 0x0000000723500000, 0x0000000723600000|  0%| F|  |TAMS 0x0000000723500000, 0x0000000723500000| Untracked 
| 396|0x0000000723600000, 0x0000000723600000, 0x0000000723700000|  0%| F|  |TAMS 0x0000000723600000, 0x0000000723600000| Untracked 
| 397|0x0000000723700000, 0x0000000723700000, 0x0000000723800000|  0%| F|  |TAMS 0x0000000723700000, 0x0000000723700000| Untracked 
| 398|0x0000000723800000, 0x0000000723800000, 0x0000000723900000|  0%| F|  |TAMS 0x0000000723800000, 0x0000000723800000| Untracked 
| 399|0x0000000723900000, 0x0000000723900000, 0x0000000723a00000|  0%| F|  |TAMS 0x0000000723900000, 0x0000000723900000| Untracked 
| 400|0x0000000723a00000, 0x0000000723a00000, 0x0000000723b00000|  0%| F|  |TAMS 0x0000000723a00000, 0x0000000723a00000| Untracked 
| 401|0x0000000723b00000, 0x0000000723b00000, 0x0000000723c00000|  0%| F|  |TAMS 0x0000000723b00000, 0x0000000723b00000| Untracked 
| 402|0x0000000723c00000, 0x0000000723c00000, 0x0000000723d00000|  0%| F|  |TAMS 0x0000000723c00000, 0x0000000723c00000| Untracked 
| 403|0x0000000723d00000, 0x0000000723d00000, 0x0000000723e00000|  0%| F|  |TAMS 0x0000000723d00000, 0x0000000723d00000| Untracked 
| 404|0x0000000723e00000, 0x0000000723e00000, 0x0000000723f00000|  0%| F|  |TAMS 0x0000000723e00000, 0x0000000723e00000| Untracked 
| 405|0x0000000723f00000, 0x0000000723f00000, 0x0000000724000000|  0%| F|  |TAMS 0x0000000723f00000, 0x0000000723f00000| Untracked 
| 406|0x0000000724000000, 0x0000000724000000, 0x0000000724100000|  0%| F|  |TAMS 0x0000000724000000, 0x0000000724000000| Untracked 
| 407|0x0000000724100000, 0x0000000724100000, 0x0000000724200000|  0%| F|  |TAMS 0x0000000724100000, 0x0000000724100000| Untracked 
| 408|0x0000000724200000, 0x0000000724200000, 0x0000000724300000|  0%| F|  |TAMS 0x0000000724200000, 0x0000000724200000| Untracked 
| 409|0x0000000724300000, 0x0000000724300000, 0x0000000724400000|  0%| F|  |TAMS 0x0000000724300000, 0x0000000724300000| Untracked 
| 410|0x0000000724400000, 0x0000000724400000, 0x0000000724500000|  0%| F|  |TAMS 0x0000000724400000, 0x0000000724400000| Untracked 
| 411|0x0000000724500000, 0x0000000724500000, 0x0000000724600000|  0%| F|  |TAMS 0x0000000724500000, 0x0000000724500000| Untracked 
| 412|0x0000000724600000, 0x0000000724600000, 0x0000000724700000|  0%| F|  |TAMS 0x0000000724600000, 0x0000000724600000| Untracked 
| 413|0x0000000724700000, 0x0000000724700000, 0x0000000724800000|  0%| F|  |TAMS 0x0000000724700000, 0x0000000724700000| Untracked 
| 414|0x0000000724800000, 0x0000000724800000, 0x0000000724900000|  0%| F|  |TAMS 0x0000000724800000, 0x0000000724800000| Untracked 
| 415|0x0000000724900000, 0x0000000724900000, 0x0000000724a00000|  0%| F|  |TAMS 0x0000000724900000, 0x0000000724900000| Untracked 
| 416|0x0000000724a00000, 0x0000000724a00000, 0x0000000724b00000|  0%| F|  |TAMS 0x0000000724a00000, 0x0000000724a00000| Untracked 
| 417|0x0000000724b00000, 0x0000000724b00000, 0x0000000724c00000|  0%| F|  |TAMS 0x0000000724b00000, 0x0000000724b00000| Untracked 
| 418|0x0000000724c00000, 0x0000000724c00000, 0x0000000724d00000|  0%| F|  |TAMS 0x0000000724c00000, 0x0000000724c00000| Untracked 
| 419|0x0000000724d00000, 0x0000000724d00000, 0x0000000724e00000|  0%| F|  |TAMS 0x0000000724d00000, 0x0000000724d00000| Untracked 
| 420|0x0000000724e00000, 0x0000000724e00000, 0x0000000724f00000|  0%| F|  |TAMS 0x0000000724e00000, 0x0000000724e00000| Untracked 
| 421|0x0000000724f00000, 0x0000000724f00000, 0x0000000725000000|  0%| F|  |TAMS 0x0000000724f00000, 0x0000000724f00000| Untracked 
| 422|0x0000000725000000, 0x0000000725000000, 0x0000000725100000|  0%| F|  |TAMS 0x0000000725000000, 0x0000000725000000| Untracked 
| 423|0x0000000725100000, 0x0000000725100000, 0x0000000725200000|  0%| F|  |TAMS 0x0000000725100000, 0x0000000725100000| Untracked 
| 424|0x0000000725200000, 0x0000000725200000, 0x0000000725300000|  0%| F|  |TAMS 0x0000000725200000, 0x0000000725200000| Untracked 
| 425|0x0000000725300000, 0x0000000725300000, 0x0000000725400000|  0%| F|  |TAMS 0x0000000725300000, 0x0000000725300000| Untracked 
| 426|0x0000000725400000, 0x0000000725400000, 0x0000000725500000|  0%| F|  |TAMS 0x0000000725400000, 0x0000000725400000| Untracked 
| 427|0x0000000725500000, 0x0000000725500000, 0x0000000725600000|  0%| F|  |TAMS 0x0000000725500000, 0x0000000725500000| Untracked 
| 428|0x0000000725600000, 0x0000000725600000, 0x0000000725700000|  0%| F|  |TAMS 0x0000000725600000, 0x0000000725600000| Untracked 
| 429|0x0000000725700000, 0x0000000725700000, 0x0000000725800000|  0%| F|  |TAMS 0x0000000725700000, 0x0000000725700000| Untracked 
| 430|0x0000000725800000, 0x0000000725800000, 0x0000000725900000|  0%| F|  |TAMS 0x0000000725800000, 0x0000000725800000| Untracked 
| 431|0x0000000725900000, 0x0000000725900000, 0x0000000725a00000|  0%| F|  |TAMS 0x0000000725900000, 0x0000000725900000| Untracked 
| 432|0x0000000725a00000, 0x0000000725a00000, 0x0000000725b00000|  0%| F|  |TAMS 0x0000000725a00000, 0x0000000725a00000| Untracked 
| 433|0x0000000725b00000, 0x0000000725b00000, 0x0000000725c00000|  0%| F|  |TAMS 0x0000000725b00000, 0x0000000725b00000| Untracked 
| 434|0x0000000725c00000, 0x0000000725c00000, 0x0000000725d00000|  0%| F|  |TAMS 0x0000000725c00000, 0x0000000725c00000| Untracked 
| 435|0x0000000725d00000, 0x0000000725d00000, 0x0000000725e00000|  0%| F|  |TAMS 0x0000000725d00000, 0x0000000725d00000| Untracked 
| 436|0x0000000725e00000, 0x0000000725e00000, 0x0000000725f00000|  0%| F|  |TAMS 0x0000000725e00000, 0x0000000725e00000| Untracked 
| 437|0x0000000725f00000, 0x0000000725f00000, 0x0000000726000000|  0%| F|  |TAMS 0x0000000725f00000, 0x0000000725f00000| Untracked 
| 438|0x0000000726000000, 0x0000000726000000, 0x0000000726100000|  0%| F|  |TAMS 0x0000000726000000, 0x0000000726000000| Untracked 
| 439|0x0000000726100000, 0x0000000726100000, 0x0000000726200000|  0%| F|  |TAMS 0x0000000726100000, 0x0000000726100000| Untracked 
| 440|0x0000000726200000, 0x0000000726200000, 0x0000000726300000|  0%| F|  |TAMS 0x0000000726200000, 0x0000000726200000| Untracked 
| 441|0x0000000726300000, 0x0000000726300000, 0x0000000726400000|  0%| F|  |TAMS 0x0000000726300000, 0x0000000726300000| Untracked 
| 442|0x0000000726400000, 0x0000000726400000, 0x0000000726500000|  0%| F|  |TAMS 0x0000000726400000, 0x0000000726400000| Untracked 
| 443|0x0000000726500000, 0x0000000726500000, 0x0000000726600000|  0%| F|  |TAMS 0x0000000726500000, 0x0000000726500000| Untracked 
| 444|0x0000000726600000, 0x0000000726600000, 0x0000000726700000|  0%| F|  |TAMS 0x0000000726600000, 0x0000000726600000| Untracked 
| 445|0x0000000726700000, 0x0000000726700000, 0x0000000726800000|  0%| F|  |TAMS 0x0000000726700000, 0x0000000726700000| Untracked 
| 446|0x0000000726800000, 0x0000000726800000, 0x0000000726900000|  0%| F|  |TAMS 0x0000000726800000, 0x0000000726800000| Untracked 
| 447|0x0000000726900000, 0x0000000726900000, 0x0000000726a00000|  0%| F|  |TAMS 0x0000000726900000, 0x0000000726900000| Untracked 
| 448|0x0000000726a00000, 0x0000000726a00000, 0x0000000726b00000|  0%| F|  |TAMS 0x0000000726a00000, 0x0000000726a00000| Untracked 
| 449|0x0000000726b00000, 0x0000000726b00000, 0x0000000726c00000|  0%| F|  |TAMS 0x0000000726b00000, 0x0000000726b00000| Untracked 
| 450|0x0000000726c00000, 0x0000000726c00000, 0x0000000726d00000|  0%| F|  |TAMS 0x0000000726c00000, 0x0000000726c00000| Untracked 
| 451|0x0000000726d00000, 0x0000000726d00000, 0x0000000726e00000|  0%| F|  |TAMS 0x0000000726d00000, 0x0000000726d00000| Untracked 
| 452|0x0000000726e00000, 0x0000000726e00000, 0x0000000726f00000|  0%| F|  |TAMS 0x0000000726e00000, 0x0000000726e00000| Untracked 
| 453|0x0000000726f00000, 0x0000000726f00000, 0x0000000727000000|  0%| F|  |TAMS 0x0000000726f00000, 0x0000000726f00000| Untracked 
| 454|0x0000000727000000, 0x0000000727000000, 0x0000000727100000|  0%| F|  |TAMS 0x0000000727000000, 0x0000000727000000| Untracked 
| 455|0x0000000727100000, 0x0000000727100000, 0x0000000727200000|  0%| F|  |TAMS 0x0000000727100000, 0x0000000727100000| Untracked 
| 456|0x0000000727200000, 0x0000000727200000, 0x0000000727300000|  0%| F|  |TAMS 0x0000000727200000, 0x0000000727200000| Untracked 
| 457|0x0000000727300000, 0x0000000727300000, 0x0000000727400000|  0%| F|  |TAMS 0x0000000727300000, 0x0000000727300000| Untracked 
| 458|0x0000000727400000, 0x0000000727400000, 0x0000000727500000|  0%| F|  |TAMS 0x0000000727400000, 0x0000000727400000| Untracked 
| 459|0x0000000727500000, 0x0000000727500000, 0x0000000727600000|  0%| F|  |TAMS 0x0000000727500000, 0x0000000727500000| Untracked 
| 460|0x0000000727600000, 0x0000000727600000, 0x0000000727700000|  0%| F|  |TAMS 0x0000000727600000, 0x0000000727600000| Untracked 
| 461|0x0000000727700000, 0x0000000727700000, 0x0000000727800000|  0%| F|  |TAMS 0x0000000727700000, 0x0000000727700000| Untracked 
| 462|0x0000000727800000, 0x0000000727800000, 0x0000000727900000|  0%| F|  |TAMS 0x0000000727800000, 0x0000000727800000| Untracked 
| 463|0x0000000727900000, 0x0000000727900000, 0x0000000727a00000|  0%| F|  |TAMS 0x0000000727900000, 0x0000000727900000| Untracked 
| 464|0x0000000727a00000, 0x0000000727a00000, 0x0000000727b00000|  0%| F|  |TAMS 0x0000000727a00000, 0x0000000727a00000| Untracked 
| 465|0x0000000727b00000, 0x0000000727b00000, 0x0000000727c00000|  0%| F|  |TAMS 0x0000000727b00000, 0x0000000727b00000| Untracked 
| 466|0x0000000727c00000, 0x0000000727c00000, 0x0000000727d00000|  0%| F|  |TAMS 0x0000000727c00000, 0x0000000727c00000| Untracked 
| 467|0x0000000727d00000, 0x0000000727d00000, 0x0000000727e00000|  0%| F|  |TAMS 0x0000000727d00000, 0x0000000727d00000| Untracked 
| 468|0x0000000727e00000, 0x0000000727e00000, 0x0000000727f00000|  0%| F|  |TAMS 0x0000000727e00000, 0x0000000727e00000| Untracked 
| 469|0x0000000727f00000, 0x0000000727f00000, 0x0000000728000000|  0%| F|  |TAMS 0x0000000727f00000, 0x0000000727f00000| Untracked 
| 470|0x0000000728000000, 0x0000000728000000, 0x0000000728100000|  0%| F|  |TAMS 0x0000000728000000, 0x0000000728000000| Untracked 
| 471|0x0000000728100000, 0x0000000728100000, 0x0000000728200000|  0%| F|  |TAMS 0x0000000728100000, 0x0000000728100000| Untracked 
| 472|0x0000000728200000, 0x0000000728200000, 0x0000000728300000|  0%| F|  |TAMS 0x0000000728200000, 0x0000000728200000| Untracked 
| 473|0x0000000728300000, 0x0000000728300000, 0x0000000728400000|  0%| F|  |TAMS 0x0000000728300000, 0x0000000728300000| Untracked 
| 474|0x0000000728400000, 0x0000000728400000, 0x0000000728500000|  0%| F|  |TAMS 0x0000000728400000, 0x0000000728400000| Untracked 
| 475|0x0000000728500000, 0x0000000728500000, 0x0000000728600000|  0%| F|  |TAMS 0x0000000728500000, 0x0000000728500000| Untracked 
| 476|0x0000000728600000, 0x0000000728600000, 0x0000000728700000|  0%| F|  |TAMS 0x0000000728600000, 0x0000000728600000| Untracked 
| 477|0x0000000728700000, 0x0000000728700000, 0x0000000728800000|  0%| F|  |TAMS 0x0000000728700000, 0x0000000728700000| Untracked 
| 478|0x0000000728800000, 0x0000000728800000, 0x0000000728900000|  0%| F|  |TAMS 0x0000000728800000, 0x0000000728800000| Untracked 
| 479|0x0000000728900000, 0x0000000728900000, 0x0000000728a00000|  0%| F|  |TAMS 0x0000000728900000, 0x0000000728900000| Untracked 
| 480|0x0000000728a00000, 0x0000000728a00000, 0x0000000728b00000|  0%| F|  |TAMS 0x0000000728a00000, 0x0000000728a00000| Untracked 
| 481|0x0000000728b00000, 0x0000000728b00000, 0x0000000728c00000|  0%| F|  |TAMS 0x0000000728b00000, 0x0000000728b00000| Untracked 
| 482|0x0000000728c00000, 0x0000000728c00000, 0x0000000728d00000|  0%| F|  |TAMS 0x0000000728c00000, 0x0000000728c00000| Untracked 
| 483|0x0000000728d00000, 0x0000000728d00000, 0x0000000728e00000|  0%| F|  |TAMS 0x0000000728d00000, 0x0000000728d00000| Untracked 
| 484|0x0000000728e00000, 0x0000000728e00000, 0x0000000728f00000|  0%| F|  |TAMS 0x0000000728e00000, 0x0000000728e00000| Untracked 
| 485|0x0000000728f00000, 0x0000000728f00000, 0x0000000729000000|  0%| F|  |TAMS 0x0000000728f00000, 0x0000000728f00000| Untracked 
| 486|0x0000000729000000, 0x0000000729000000, 0x0000000729100000|  0%| F|  |TAMS 0x0000000729000000, 0x0000000729000000| Untracked 
| 487|0x0000000729100000, 0x0000000729100000, 0x0000000729200000|  0%| F|  |TAMS 0x0000000729100000, 0x0000000729100000| Untracked 
| 488|0x0000000729200000, 0x0000000729200000, 0x0000000729300000|  0%| F|  |TAMS 0x0000000729200000, 0x0000000729200000| Untracked 
| 489|0x0000000729300000, 0x0000000729300000, 0x0000000729400000|  0%| F|  |TAMS 0x0000000729300000, 0x0000000729300000| Untracked 
| 490|0x0000000729400000, 0x0000000729400000, 0x0000000729500000|  0%| F|  |TAMS 0x0000000729400000, 0x0000000729400000| Untracked 
| 491|0x0000000729500000, 0x0000000729500000, 0x0000000729600000|  0%| F|  |TAMS 0x0000000729500000, 0x0000000729500000| Untracked 
| 492|0x0000000729600000, 0x0000000729600000, 0x0000000729700000|  0%| F|  |TAMS 0x0000000729600000, 0x0000000729600000| Untracked 
| 493|0x0000000729700000, 0x0000000729700000, 0x0000000729800000|  0%| F|  |TAMS 0x0000000729700000, 0x0000000729700000| Untracked 
| 494|0x0000000729800000, 0x0000000729800000, 0x0000000729900000|  0%| F|  |TAMS 0x0000000729800000, 0x0000000729800000| Untracked 
| 495|0x0000000729900000, 0x0000000729900000, 0x0000000729a00000|  0%| F|  |TAMS 0x0000000729900000, 0x0000000729900000| Untracked 
| 496|0x0000000729a00000, 0x0000000729a00000, 0x0000000729b00000|  0%| F|  |TAMS 0x0000000729a00000, 0x0000000729a00000| Untracked 
| 497|0x0000000729b00000, 0x0000000729b00000, 0x0000000729c00000|  0%| F|  |TAMS 0x0000000729b00000, 0x0000000729b00000| Untracked 
| 498|0x0000000729c00000, 0x0000000729c00000, 0x0000000729d00000|  0%| F|  |TAMS 0x0000000729c00000, 0x0000000729c00000| Untracked 
| 499|0x0000000729d00000, 0x0000000729d00000, 0x0000000729e00000|  0%| F|  |TAMS 0x0000000729d00000, 0x0000000729d00000| Untracked 
| 500|0x0000000729e00000, 0x0000000729e00000, 0x0000000729f00000|  0%| F|  |TAMS 0x0000000729e00000, 0x0000000729e00000| Untracked 
| 501|0x0000000729f00000, 0x0000000729f00000, 0x000000072a000000|  0%| F|  |TAMS 0x0000000729f00000, 0x0000000729f00000| Untracked 
| 502|0x000000072a000000, 0x000000072a000000, 0x000000072a100000|  0%| F|  |TAMS 0x000000072a000000, 0x000000072a000000| Untracked 
| 503|0x000000072a100000, 0x000000072a100000, 0x000000072a200000|  0%| F|  |TAMS 0x000000072a100000, 0x000000072a100000| Untracked 
| 504|0x000000072a200000, 0x000000072a200000, 0x000000072a300000|  0%| F|  |TAMS 0x000000072a200000, 0x000000072a200000| Untracked 
| 505|0x000000072a300000, 0x000000072a300000, 0x000000072a400000|  0%| F|  |TAMS 0x000000072a300000, 0x000000072a300000| Untracked 
| 506|0x000000072a400000, 0x000000072a400000, 0x000000072a500000|  0%| F|  |TAMS 0x000000072a400000, 0x000000072a400000| Untracked 
| 507|0x000000072a500000, 0x000000072a500000, 0x000000072a600000|  0%| F|  |TAMS 0x000000072a500000, 0x000000072a500000| Untracked 
| 508|0x000000072a600000, 0x000000072a600000, 0x000000072a700000|  0%| F|  |TAMS 0x000000072a600000, 0x000000072a600000| Untracked 
| 509|0x000000072a700000, 0x000000072a700000, 0x000000072a800000|  0%| F|  |TAMS 0x000000072a700000, 0x000000072a700000| Untracked 
| 510|0x000000072a800000, 0x000000072a800000, 0x000000072a900000|  0%| F|  |TAMS 0x000000072a800000, 0x000000072a800000| Untracked 
| 511|0x000000072a900000, 0x000000072a900000, 0x000000072aa00000|  0%| F|  |TAMS 0x000000072a900000, 0x000000072a900000| Untracked 
| 512|0x000000072aa00000, 0x000000072aa00000, 0x000000072ab00000|  0%| F|  |TAMS 0x000000072aa00000, 0x000000072aa00000| Untracked 
| 513|0x000000072ab00000, 0x000000072ab00000, 0x000000072ac00000|  0%| F|  |TAMS 0x000000072ab00000, 0x000000072ab00000| Untracked 
| 514|0x000000072ac00000, 0x000000072ac00000, 0x000000072ad00000|  0%| F|  |TAMS 0x000000072ac00000, 0x000000072ac00000| Untracked 
| 515|0x000000072ad00000, 0x000000072ad00000, 0x000000072ae00000|  0%| F|  |TAMS 0x000000072ad00000, 0x000000072ad00000| Untracked 
| 516|0x000000072ae00000, 0x000000072ae00000, 0x000000072af00000|  0%| F|  |TAMS 0x000000072ae00000, 0x000000072ae00000| Untracked 
| 517|0x000000072af00000, 0x000000072af00000, 0x000000072b000000|  0%| F|  |TAMS 0x000000072af00000, 0x000000072af00000| Untracked 
| 518|0x000000072b000000, 0x000000072b000000, 0x000000072b100000|  0%| F|  |TAMS 0x000000072b000000, 0x000000072b000000| Untracked 
| 519|0x000000072b100000, 0x000000072b100000, 0x000000072b200000|  0%| F|  |TAMS 0x000000072b100000, 0x000000072b100000| Untracked 
| 520|0x000000072b200000, 0x000000072b200000, 0x000000072b300000|  0%| F|  |TAMS 0x000000072b200000, 0x000000072b200000| Untracked 
| 521|0x000000072b300000, 0x000000072b300000, 0x000000072b400000|  0%| F|  |TAMS 0x000000072b300000, 0x000000072b300000| Untracked 
| 522|0x000000072b400000, 0x000000072b400000, 0x000000072b500000|  0%| F|  |TAMS 0x000000072b400000, 0x000000072b400000| Untracked 
| 523|0x000000072b500000, 0x000000072b500000, 0x000000072b600000|  0%| F|  |TAMS 0x000000072b500000, 0x000000072b500000| Untracked 
| 524|0x000000072b600000, 0x000000072b700000, 0x000000072b700000|100%| O|  |TAMS 0x000000072b700000, 0x000000072b700000| Untracked 
| 525|0x000000072b700000, 0x000000072b700000, 0x000000072b800000|  0%| F|  |TAMS 0x000000072b700000, 0x000000072b700000| Untracked 
| 526|0x000000072b800000, 0x000000072b800000, 0x000000072b900000|  0%| F|  |TAMS 0x000000072b800000, 0x000000072b800000| Untracked 
| 527|0x000000072b900000, 0x000000072b900000, 0x000000072ba00000|  0%| F|  |TAMS 0x000000072b900000, 0x000000072b900000| Untracked 
| 528|0x000000072ba00000, 0x000000072ba00000, 0x000000072bb00000|  0%| F|  |TAMS 0x000000072ba00000, 0x000000072ba00000| Untracked 
| 529|0x000000072bb00000, 0x000000072bb00000, 0x000000072bc00000|  0%| F|  |TAMS 0x000000072bb00000, 0x000000072bb00000| Untracked 
| 530|0x000000072bc00000, 0x000000072bc00000, 0x000000072bd00000|  0%| F|  |TAMS 0x000000072bc00000, 0x000000072bc00000| Untracked 
| 531|0x000000072bd00000, 0x000000072bd00000, 0x000000072be00000|  0%| F|  |TAMS 0x000000072bd00000, 0x000000072bd00000| Untracked 
| 532|0x000000072be00000, 0x000000072be00000, 0x000000072bf00000|  0%| F|  |TAMS 0x000000072be00000, 0x000000072be00000| Untracked 
| 533|0x000000072bf00000, 0x000000072bf00000, 0x000000072c000000|  0%| F|  |TAMS 0x000000072bf00000, 0x000000072bf00000| Untracked 
| 534|0x000000072c000000, 0x000000072c000000, 0x000000072c100000|  0%| F|  |TAMS 0x000000072c000000, 0x000000072c000000| Untracked 
| 535|0x000000072c100000, 0x000000072c100000, 0x000000072c200000|  0%| F|  |TAMS 0x000000072c100000, 0x000000072c100000| Untracked 
| 536|0x000000072c200000, 0x000000072c200000, 0x000000072c300000|  0%| F|  |TAMS 0x000000072c200000, 0x000000072c200000| Untracked 
| 537|0x000000072c300000, 0x000000072c300000, 0x000000072c400000|  0%| F|  |TAMS 0x000000072c300000, 0x000000072c300000| Untracked 
| 538|0x000000072c400000, 0x000000072c400000, 0x000000072c500000|  0%| F|  |TAMS 0x000000072c400000, 0x000000072c400000| Untracked 
| 539|0x000000072c500000, 0x000000072c500000, 0x000000072c600000|  0%| F|  |TAMS 0x000000072c500000, 0x000000072c500000| Untracked 
| 540|0x000000072c600000, 0x000000072c600000, 0x000000072c700000|  0%| F|  |TAMS 0x000000072c600000, 0x000000072c600000| Untracked 
| 541|0x000000072c700000, 0x000000072c700000, 0x000000072c800000|  0%| F|  |TAMS 0x000000072c700000, 0x000000072c700000| Untracked 
| 542|0x000000072c800000, 0x000000072c800000, 0x000000072c900000|  0%| F|  |TAMS 0x000000072c800000, 0x000000072c800000| Untracked 
| 543|0x000000072c900000, 0x000000072c900000, 0x000000072ca00000|  0%| F|  |TAMS 0x000000072c900000, 0x000000072c900000| Untracked 
| 544|0x000000072ca00000, 0x000000072ca00000, 0x000000072cb00000|  0%| F|  |TAMS 0x000000072ca00000, 0x000000072ca00000| Untracked 
| 545|0x000000072cb00000, 0x000000072cb00000, 0x000000072cc00000|  0%| F|  |TAMS 0x000000072cb00000, 0x000000072cb00000| Untracked 
| 546|0x000000072cc00000, 0x000000072cc00000, 0x000000072cd00000|  0%| F|  |TAMS 0x000000072cc00000, 0x000000072cc00000| Untracked 
| 547|0x000000072cd00000, 0x000000072cd00000, 0x000000072ce00000|  0%| F|  |TAMS 0x000000072cd00000, 0x000000072cd00000| Untracked 
| 548|0x000000072ce00000, 0x000000072ce00000, 0x000000072cf00000|  0%| F|  |TAMS 0x000000072ce00000, 0x000000072ce00000| Untracked 
| 549|0x000000072cf00000, 0x000000072cf00000, 0x000000072d000000|  0%| F|  |TAMS 0x000000072cf00000, 0x000000072cf00000| Untracked 
| 550|0x000000072d000000, 0x000000072d000000, 0x000000072d100000|  0%| F|  |TAMS 0x000000072d000000, 0x000000072d000000| Untracked 
| 551|0x000000072d100000, 0x000000072d100000, 0x000000072d200000|  0%| F|  |TAMS 0x000000072d100000, 0x000000072d100000| Untracked 
| 552|0x000000072d200000, 0x000000072d200000, 0x000000072d300000|  0%| F|  |TAMS 0x000000072d200000, 0x000000072d200000| Untracked 
| 553|0x000000072d300000, 0x000000072d300000, 0x000000072d400000|  0%| F|  |TAMS 0x000000072d300000, 0x000000072d300000| Untracked 
| 554|0x000000072d400000, 0x000000072d400000, 0x000000072d500000|  0%| F|  |TAMS 0x000000072d400000, 0x000000072d400000| Untracked 
| 555|0x000000072d500000, 0x000000072d500000, 0x000000072d600000|  0%| F|  |TAMS 0x000000072d500000, 0x000000072d500000| Untracked 
| 556|0x000000072d600000, 0x000000072d600000, 0x000000072d700000|  0%| F|  |TAMS 0x000000072d600000, 0x000000072d600000| Untracked 
| 557|0x000000072d700000, 0x000000072d700000, 0x000000072d800000|  0%| F|  |TAMS 0x000000072d700000, 0x000000072d700000| Untracked 
| 558|0x000000072d800000, 0x000000072d800000, 0x000000072d900000|  0%| F|  |TAMS 0x000000072d800000, 0x000000072d800000| Untracked 
| 559|0x000000072d900000, 0x000000072d900000, 0x000000072da00000|  0%| F|  |TAMS 0x000000072d900000, 0x000000072d900000| Untracked 
| 560|0x000000072da00000, 0x000000072da00000, 0x000000072db00000|  0%| F|  |TAMS 0x000000072da00000, 0x000000072da00000| Untracked 
| 561|0x000000072db00000, 0x000000072db00000, 0x000000072dc00000|  0%| F|  |TAMS 0x000000072db00000, 0x000000072db00000| Untracked 
| 562|0x000000072dc00000, 0x000000072dc00000, 0x000000072dd00000|  0%| F|  |TAMS 0x000000072dc00000, 0x000000072dc00000| Untracked 
| 563|0x000000072dd00000, 0x000000072dd00000, 0x000000072de00000|  0%| F|  |TAMS 0x000000072dd00000, 0x000000072dd00000| Untracked 
| 564|0x000000072de00000, 0x000000072de00000, 0x000000072df00000|  0%| F|  |TAMS 0x000000072de00000, 0x000000072de00000| Untracked 
| 565|0x000000072df00000, 0x000000072df00000, 0x000000072e000000|  0%| F|  |TAMS 0x000000072df00000, 0x000000072df00000| Untracked 
| 566|0x000000072e000000, 0x000000072e000000, 0x000000072e100000|  0%| F|  |TAMS 0x000000072e000000, 0x000000072e000000| Untracked 
| 567|0x000000072e100000, 0x000000072e100000, 0x000000072e200000|  0%| F|  |TAMS 0x000000072e100000, 0x000000072e100000| Untracked 
| 568|0x000000072e200000, 0x000000072e200000, 0x000000072e300000|  0%| F|  |TAMS 0x000000072e200000, 0x000000072e200000| Untracked 
| 569|0x000000072e300000, 0x000000072e300000, 0x000000072e400000|  0%| F|  |TAMS 0x000000072e300000, 0x000000072e300000| Untracked 
| 570|0x000000072e400000, 0x000000072e400000, 0x000000072e500000|  0%| F|  |TAMS 0x000000072e400000, 0x000000072e400000| Untracked 
| 571|0x000000072e500000, 0x000000072e500000, 0x000000072e600000|  0%| F|  |TAMS 0x000000072e500000, 0x000000072e500000| Untracked 
| 572|0x000000072e600000, 0x000000072e600000, 0x000000072e700000|  0%| F|  |TAMS 0x000000072e600000, 0x000000072e600000| Untracked 
| 573|0x000000072e700000, 0x000000072e700000, 0x000000072e800000|  0%| F|  |TAMS 0x000000072e700000, 0x000000072e700000| Untracked 
| 574|0x000000072e800000, 0x000000072e800000, 0x000000072e900000|  0%| F|  |TAMS 0x000000072e800000, 0x000000072e800000| Untracked 
| 575|0x000000072e900000, 0x000000072e900000, 0x000000072ea00000|  0%| F|  |TAMS 0x000000072e900000, 0x000000072e900000| Untracked 
| 576|0x000000072ea00000, 0x000000072ea00000, 0x000000072eb00000|  0%| F|  |TAMS 0x000000072ea00000, 0x000000072ea00000| Untracked 
| 577|0x000000072eb00000, 0x000000072eb00000, 0x000000072ec00000|  0%| F|  |TAMS 0x000000072eb00000, 0x000000072eb00000| Untracked 
| 578|0x000000072ec00000, 0x000000072ec00000, 0x000000072ed00000|  0%| F|  |TAMS 0x000000072ec00000, 0x000000072ec00000| Untracked 
| 579|0x000000072ed00000, 0x000000072ed00000, 0x000000072ee00000|  0%| F|  |TAMS 0x000000072ed00000, 0x000000072ed00000| Untracked 
| 580|0x000000072ee00000, 0x000000072ee00000, 0x000000072ef00000|  0%| F|  |TAMS 0x000000072ee00000, 0x000000072ee00000| Untracked 
| 581|0x000000072ef00000, 0x000000072ef00000, 0x000000072f000000|  0%| F|  |TAMS 0x000000072ef00000, 0x000000072ef00000| Untracked 
| 582|0x000000072f000000, 0x000000072f000000, 0x000000072f100000|  0%| F|  |TAMS 0x000000072f000000, 0x000000072f000000| Untracked 
| 583|0x000000072f100000, 0x000000072f100000, 0x000000072f200000|  0%| F|  |TAMS 0x000000072f100000, 0x000000072f100000| Untracked 
| 584|0x000000072f200000, 0x000000072f200000, 0x000000072f300000|  0%| F|  |TAMS 0x000000072f200000, 0x000000072f200000| Untracked 
| 585|0x000000072f300000, 0x000000072f300000, 0x000000072f400000|  0%| F|  |TAMS 0x000000072f300000, 0x000000072f300000| Untracked 
| 586|0x000000072f400000, 0x000000072f400000, 0x000000072f500000|  0%| F|  |TAMS 0x000000072f400000, 0x000000072f400000| Untracked 
| 587|0x000000072f500000, 0x000000072f500000, 0x000000072f600000|  0%| F|  |TAMS 0x000000072f500000, 0x000000072f500000| Untracked 
| 588|0x000000072f600000, 0x000000072f600000, 0x000000072f700000|  0%| F|  |TAMS 0x000000072f600000, 0x000000072f600000| Untracked 
| 589|0x000000072f700000, 0x000000072f700000, 0x000000072f800000|  0%| F|  |TAMS 0x000000072f700000, 0x000000072f700000| Untracked 
| 590|0x000000072f800000, 0x000000072f800000, 0x000000072f900000|  0%| F|  |TAMS 0x000000072f800000, 0x000000072f800000| Untracked 
| 591|0x000000072f900000, 0x000000072f900000, 0x000000072fa00000|  0%| F|  |TAMS 0x000000072f900000, 0x000000072f900000| Untracked 
| 592|0x000000072fa00000, 0x000000072fa00000, 0x000000072fb00000|  0%| F|  |TAMS 0x000000072fa00000, 0x000000072fa00000| Untracked 
| 593|0x000000072fb00000, 0x000000072fb00000, 0x000000072fc00000|  0%| F|  |TAMS 0x000000072fb00000, 0x000000072fb00000| Untracked 
| 594|0x000000072fc00000, 0x000000072fc00000, 0x000000072fd00000|  0%| F|  |TAMS 0x000000072fc00000, 0x000000072fc00000| Untracked 
| 595|0x000000072fd00000, 0x000000072fd00000, 0x000000072fe00000|  0%| F|  |TAMS 0x000000072fd00000, 0x000000072fd00000| Untracked 
| 596|0x000000072fe00000, 0x000000072fe00000, 0x000000072ff00000|  0%| F|  |TAMS 0x000000072fe00000, 0x000000072fe00000| Untracked 
| 597|0x000000072ff00000, 0x000000072ff00000, 0x0000000730000000|  0%| F|  |TAMS 0x000000072ff00000, 0x000000072ff00000| Untracked 
| 598|0x0000000730000000, 0x0000000730000000, 0x0000000730100000|  0%| F|  |TAMS 0x0000000730000000, 0x0000000730000000| Untracked 
| 599|0x0000000730100000, 0x0000000730100000, 0x0000000730200000|  0%| F|  |TAMS 0x0000000730100000, 0x0000000730100000| Untracked 
| 600|0x0000000730200000, 0x0000000730200000, 0x0000000730300000|  0%| F|  |TAMS 0x0000000730200000, 0x0000000730200000| Untracked 
| 601|0x0000000730300000, 0x0000000730300000, 0x0000000730400000|  0%| F|  |TAMS 0x0000000730300000, 0x0000000730300000| Untracked 
| 602|0x0000000730400000, 0x0000000730400000, 0x0000000730500000|  0%| F|  |TAMS 0x0000000730400000, 0x0000000730400000| Untracked 
| 603|0x0000000730500000, 0x0000000730500000, 0x0000000730600000|  0%| F|  |TAMS 0x0000000730500000, 0x0000000730500000| Untracked 
| 604|0x0000000730600000, 0x0000000730600000, 0x0000000730700000|  0%| F|  |TAMS 0x0000000730600000, 0x0000000730600000| Untracked 
| 605|0x0000000730700000, 0x0000000730700000, 0x0000000730800000|  0%| F|  |TAMS 0x0000000730700000, 0x0000000730700000| Untracked 
| 606|0x0000000730800000, 0x0000000730800000, 0x0000000730900000|  0%| F|  |TAMS 0x0000000730800000, 0x0000000730800000| Untracked 
| 607|0x0000000730900000, 0x0000000730900000, 0x0000000730a00000|  0%| F|  |TAMS 0x0000000730900000, 0x0000000730900000| Untracked 
| 608|0x0000000730a00000, 0x0000000730a00000, 0x0000000730b00000|  0%| F|  |TAMS 0x0000000730a00000, 0x0000000730a00000| Untracked 
| 609|0x0000000730b00000, 0x0000000730b00000, 0x0000000730c00000|  0%| F|  |TAMS 0x0000000730b00000, 0x0000000730b00000| Untracked 
| 610|0x0000000730c00000, 0x0000000730c00000, 0x0000000730d00000|  0%| F|  |TAMS 0x0000000730c00000, 0x0000000730c00000| Untracked 
| 611|0x0000000730d00000, 0x0000000730d00000, 0x0000000730e00000|  0%| F|  |TAMS 0x0000000730d00000, 0x0000000730d00000| Untracked 
| 612|0x0000000730e00000, 0x0000000730e00000, 0x0000000730f00000|  0%| F|  |TAMS 0x0000000730e00000, 0x0000000730e00000| Untracked 
| 613|0x0000000730f00000, 0x0000000730f00000, 0x0000000731000000|  0%| F|  |TAMS 0x0000000730f00000, 0x0000000730f00000| Untracked 
| 614|0x0000000731000000, 0x0000000731000000, 0x0000000731100000|  0%| F|  |TAMS 0x0000000731000000, 0x0000000731000000| Untracked 
| 615|0x0000000731100000, 0x0000000731100000, 0x0000000731200000|  0%| F|  |TAMS 0x0000000731100000, 0x0000000731100000| Untracked 
| 616|0x0000000731200000, 0x0000000731200000, 0x0000000731300000|  0%| F|  |TAMS 0x0000000731200000, 0x0000000731200000| Untracked 
| 617|0x0000000731300000, 0x0000000731300000, 0x0000000731400000|  0%| F|  |TAMS 0x0000000731300000, 0x0000000731300000| Untracked 
| 618|0x0000000731400000, 0x0000000731400000, 0x0000000731500000|  0%| F|  |TAMS 0x0000000731400000, 0x0000000731400000| Untracked 
| 619|0x0000000731500000, 0x0000000731500000, 0x0000000731600000|  0%| F|  |TAMS 0x0000000731500000, 0x0000000731500000| Untracked 
| 620|0x0000000731600000, 0x0000000731600000, 0x0000000731700000|  0%| F|  |TAMS 0x0000000731600000, 0x0000000731600000| Untracked 
| 621|0x0000000731700000, 0x0000000731700000, 0x0000000731800000|  0%| F|  |TAMS 0x0000000731700000, 0x0000000731700000| Untracked 
| 622|0x0000000731800000, 0x0000000731800000, 0x0000000731900000|  0%| F|  |TAMS 0x0000000731800000, 0x0000000731800000| Untracked 
| 623|0x0000000731900000, 0x0000000731900000, 0x0000000731a00000|  0%| F|  |TAMS 0x0000000731900000, 0x0000000731900000| Untracked 
| 624|0x0000000731a00000, 0x0000000731a00000, 0x0000000731b00000|  0%| F|  |TAMS 0x0000000731a00000, 0x0000000731a00000| Untracked 
| 625|0x0000000731b00000, 0x0000000731b00000, 0x0000000731c00000|  0%| F|  |TAMS 0x0000000731b00000, 0x0000000731b00000| Untracked 
| 626|0x0000000731c00000, 0x0000000731c00000, 0x0000000731d00000|  0%| F|  |TAMS 0x0000000731c00000, 0x0000000731c00000| Untracked 
| 627|0x0000000731d00000, 0x0000000731d00000, 0x0000000731e00000|  0%| F|  |TAMS 0x0000000731d00000, 0x0000000731d00000| Untracked 
| 628|0x0000000731e00000, 0x0000000731e00000, 0x0000000731f00000|  0%| F|  |TAMS 0x0000000731e00000, 0x0000000731e00000| Untracked 
| 629|0x0000000731f00000, 0x0000000731f00000, 0x0000000732000000|  0%| F|  |TAMS 0x0000000731f00000, 0x0000000731f00000| Untracked 
| 630|0x0000000732000000, 0x0000000732000000, 0x0000000732100000|  0%| F|  |TAMS 0x0000000732000000, 0x0000000732000000| Untracked 
| 631|0x0000000732100000, 0x0000000732100000, 0x0000000732200000|  0%| F|  |TAMS 0x0000000732100000, 0x0000000732100000| Untracked 
| 632|0x0000000732200000, 0x0000000732200000, 0x0000000732300000|  0%| F|  |TAMS 0x0000000732200000, 0x0000000732200000| Untracked 
| 633|0x0000000732300000, 0x0000000732300000, 0x0000000732400000|  0%| F|  |TAMS 0x0000000732300000, 0x0000000732300000| Untracked 
| 634|0x0000000732400000, 0x0000000732400000, 0x0000000732500000|  0%| F|  |TAMS 0x0000000732400000, 0x0000000732400000| Untracked 
| 635|0x0000000732500000, 0x0000000732500000, 0x0000000732600000|  0%| F|  |TAMS 0x0000000732500000, 0x0000000732500000| Untracked 
| 636|0x0000000732600000, 0x0000000732600000, 0x0000000732700000|  0%| F|  |TAMS 0x0000000732600000, 0x0000000732600000| Untracked 
| 637|0x0000000732700000, 0x0000000732700000, 0x0000000732800000|  0%| F|  |TAMS 0x0000000732700000, 0x0000000732700000| Untracked 
| 638|0x0000000732800000, 0x0000000732800000, 0x0000000732900000|  0%| F|  |TAMS 0x0000000732800000, 0x0000000732800000| Untracked 
| 639|0x0000000732900000, 0x0000000732900000, 0x0000000732a00000|  0%| F|  |TAMS 0x0000000732900000, 0x0000000732900000| Untracked 
| 640|0x0000000732a00000, 0x0000000732a00000, 0x0000000732b00000|  0%| F|  |TAMS 0x0000000732a00000, 0x0000000732a00000| Untracked 
| 641|0x0000000732b00000, 0x0000000732b00000, 0x0000000732c00000|  0%| F|  |TAMS 0x0000000732b00000, 0x0000000732b00000| Untracked 
| 642|0x0000000732c00000, 0x0000000732c00000, 0x0000000732d00000|  0%| F|  |TAMS 0x0000000732c00000, 0x0000000732c00000| Untracked 
| 643|0x0000000732d00000, 0x0000000732d00000, 0x0000000732e00000|  0%| F|  |TAMS 0x0000000732d00000, 0x0000000732d00000| Untracked 
| 644|0x0000000732e00000, 0x0000000732e00000, 0x0000000732f00000|  0%| F|  |TAMS 0x0000000732e00000, 0x0000000732e00000| Untracked 
| 645|0x0000000732f00000, 0x0000000732f00000, 0x0000000733000000|  0%| F|  |TAMS 0x0000000732f00000, 0x0000000732f00000| Untracked 
| 646|0x0000000733000000, 0x0000000733000000, 0x0000000733100000|  0%| F|  |TAMS 0x0000000733000000, 0x0000000733000000| Untracked 
| 647|0x0000000733100000, 0x0000000733100000, 0x0000000733200000|  0%| F|  |TAMS 0x0000000733100000, 0x0000000733100000| Untracked 
| 648|0x0000000733200000, 0x0000000733200000, 0x0000000733300000|  0%| F|  |TAMS 0x0000000733200000, 0x0000000733200000| Untracked 
| 649|0x0000000733300000, 0x0000000733300000, 0x0000000733400000|  0%| F|  |TAMS 0x0000000733300000, 0x0000000733300000| Untracked 
| 650|0x0000000733400000, 0x0000000733400000, 0x0000000733500000|  0%| F|  |TAMS 0x0000000733400000, 0x0000000733400000| Untracked 
| 651|0x0000000733500000, 0x0000000733500000, 0x0000000733600000|  0%| F|  |TAMS 0x0000000733500000, 0x0000000733500000| Untracked 
| 652|0x0000000733600000, 0x0000000733600000, 0x0000000733700000|  0%| F|  |TAMS 0x0000000733600000, 0x0000000733600000| Untracked 
| 653|0x0000000733700000, 0x0000000733700000, 0x0000000733800000|  0%| F|  |TAMS 0x0000000733700000, 0x0000000733700000| Untracked 
| 654|0x0000000733800000, 0x0000000733800000, 0x0000000733900000|  0%| F|  |TAMS 0x0000000733800000, 0x0000000733800000| Untracked 
| 655|0x0000000733900000, 0x0000000733900000, 0x0000000733a00000|  0%| F|  |TAMS 0x0000000733900000, 0x0000000733900000| Untracked 
| 656|0x0000000733a00000, 0x0000000733a00000, 0x0000000733b00000|  0%| F|  |TAMS 0x0000000733a00000, 0x0000000733a00000| Untracked 
| 657|0x0000000733b00000, 0x0000000733b00000, 0x0000000733c00000|  0%| F|  |TAMS 0x0000000733b00000, 0x0000000733b00000| Untracked 
| 658|0x0000000733c00000, 0x0000000733c00000, 0x0000000733d00000|  0%| F|  |TAMS 0x0000000733c00000, 0x0000000733c00000| Untracked 
| 659|0x0000000733d00000, 0x0000000733d00000, 0x0000000733e00000|  0%| F|  |TAMS 0x0000000733d00000, 0x0000000733d00000| Untracked 
| 660|0x0000000733e00000, 0x0000000733e00000, 0x0000000733f00000|  0%| F|  |TAMS 0x0000000733e00000, 0x0000000733e00000| Untracked 
| 661|0x0000000733f00000, 0x0000000733f00000, 0x0000000734000000|  0%| F|  |TAMS 0x0000000733f00000, 0x0000000733f00000| Untracked 
| 662|0x0000000734000000, 0x0000000734000000, 0x0000000734100000|  0%| F|  |TAMS 0x0000000734000000, 0x0000000734000000| Untracked 
| 663|0x0000000734100000, 0x0000000734100000, 0x0000000734200000|  0%| F|  |TAMS 0x0000000734100000, 0x0000000734100000| Untracked 
| 664|0x0000000734200000, 0x0000000734200000, 0x0000000734300000|  0%| F|  |TAMS 0x0000000734200000, 0x0000000734200000| Untracked 
| 665|0x0000000734300000, 0x0000000734300000, 0x0000000734400000|  0%| F|  |TAMS 0x0000000734300000, 0x0000000734300000| Untracked 
| 666|0x0000000734400000, 0x0000000734400000, 0x0000000734500000|  0%| F|  |TAMS 0x0000000734400000, 0x0000000734400000| Untracked 
| 667|0x0000000734500000, 0x0000000734500000, 0x0000000734600000|  0%| F|  |TAMS 0x0000000734500000, 0x0000000734500000| Untracked 
| 668|0x0000000734600000, 0x0000000734600000, 0x0000000734700000|  0%| F|  |TAMS 0x0000000734600000, 0x0000000734600000| Untracked 
| 669|0x0000000734700000, 0x0000000734700000, 0x0000000734800000|  0%| F|  |TAMS 0x0000000734700000, 0x0000000734700000| Untracked 
| 670|0x0000000734800000, 0x0000000734800000, 0x0000000734900000|  0%| F|  |TAMS 0x0000000734800000, 0x0000000734800000| Untracked 
| 671|0x0000000734900000, 0x0000000734900000, 0x0000000734a00000|  0%| F|  |TAMS 0x0000000734900000, 0x0000000734900000| Untracked 
| 672|0x0000000734a00000, 0x0000000734a00000, 0x0000000734b00000|  0%| F|  |TAMS 0x0000000734a00000, 0x0000000734a00000| Untracked 
| 673|0x0000000734b00000, 0x0000000734b00000, 0x0000000734c00000|  0%| F|  |TAMS 0x0000000734b00000, 0x0000000734b00000| Untracked 
| 674|0x0000000734c00000, 0x0000000734c00000, 0x0000000734d00000|  0%| F|  |TAMS 0x0000000734c00000, 0x0000000734c00000| Untracked 
| 675|0x0000000734d00000, 0x0000000734d00000, 0x0000000734e00000|  0%| F|  |TAMS 0x0000000734d00000, 0x0000000734d00000| Untracked 
| 676|0x0000000734e00000, 0x0000000734e00000, 0x0000000734f00000|  0%| F|  |TAMS 0x0000000734e00000, 0x0000000734e00000| Untracked 
| 677|0x0000000734f00000, 0x0000000734f00000, 0x0000000735000000|  0%| F|  |TAMS 0x0000000734f00000, 0x0000000734f00000| Untracked 
| 678|0x0000000735000000, 0x0000000735000000, 0x0000000735100000|  0%| F|  |TAMS 0x0000000735000000, 0x0000000735000000| Untracked 
| 679|0x0000000735100000, 0x0000000735100000, 0x0000000735200000|  0%| F|  |TAMS 0x0000000735100000, 0x0000000735100000| Untracked 
| 680|0x0000000735200000, 0x0000000735200000, 0x0000000735300000|  0%| F|  |TAMS 0x0000000735200000, 0x0000000735200000| Untracked 
| 681|0x0000000735300000, 0x0000000735300000, 0x0000000735400000|  0%| F|  |TAMS 0x0000000735300000, 0x0000000735300000| Untracked 
| 682|0x0000000735400000, 0x0000000735400000, 0x0000000735500000|  0%| F|  |TAMS 0x0000000735400000, 0x0000000735400000| Untracked 
| 683|0x0000000735500000, 0x0000000735500000, 0x0000000735600000|  0%| F|  |TAMS 0x0000000735500000, 0x0000000735500000| Untracked 
| 684|0x0000000735600000, 0x0000000735600000, 0x0000000735700000|  0%| F|  |TAMS 0x0000000735600000, 0x0000000735600000| Untracked 
| 685|0x0000000735700000, 0x0000000735700000, 0x0000000735800000|  0%| F|  |TAMS 0x0000000735700000, 0x0000000735700000| Untracked 
| 686|0x0000000735800000, 0x0000000735800000, 0x0000000735900000|  0%| F|  |TAMS 0x0000000735800000, 0x0000000735800000| Untracked 
| 687|0x0000000735900000, 0x0000000735900000, 0x0000000735a00000|  0%| F|  |TAMS 0x0000000735900000, 0x0000000735900000| Untracked 
| 688|0x0000000735a00000, 0x0000000735a00000, 0x0000000735b00000|  0%| F|  |TAMS 0x0000000735a00000, 0x0000000735a00000| Untracked 
| 689|0x0000000735b00000, 0x0000000735b00000, 0x0000000735c00000|  0%| F|  |TAMS 0x0000000735b00000, 0x0000000735b00000| Untracked 
| 690|0x0000000735c00000, 0x0000000735c00000, 0x0000000735d00000|  0%| F|  |TAMS 0x0000000735c00000, 0x0000000735c00000| Untracked 
| 691|0x0000000735d00000, 0x0000000735d00000, 0x0000000735e00000|  0%| F|  |TAMS 0x0000000735d00000, 0x0000000735d00000| Untracked 
| 692|0x0000000735e00000, 0x0000000735e00000, 0x0000000735f00000|  0%| F|  |TAMS 0x0000000735e00000, 0x0000000735e00000| Untracked 
| 693|0x0000000735f00000, 0x0000000735f00000, 0x0000000736000000|  0%| F|  |TAMS 0x0000000735f00000, 0x0000000735f00000| Untracked 
| 694|0x0000000736000000, 0x0000000736000000, 0x0000000736100000|  0%| F|  |TAMS 0x0000000736000000, 0x0000000736000000| Untracked 
| 695|0x0000000736100000, 0x0000000736100000, 0x0000000736200000|  0%| F|  |TAMS 0x0000000736100000, 0x0000000736100000| Untracked 
| 696|0x0000000736200000, 0x0000000736200000, 0x0000000736300000|  0%| F|  |TAMS 0x0000000736200000, 0x0000000736200000| Untracked 
| 697|0x0000000736300000, 0x0000000736300000, 0x0000000736400000|  0%| F|  |TAMS 0x0000000736300000, 0x0000000736300000| Untracked 
| 698|0x0000000736400000, 0x0000000736400000, 0x0000000736500000|  0%| F|  |TAMS 0x0000000736400000, 0x0000000736400000| Untracked 
| 699|0x0000000736500000, 0x0000000736500000, 0x0000000736600000|  0%| F|  |TAMS 0x0000000736500000, 0x0000000736500000| Untracked 
| 700|0x0000000736600000, 0x0000000736600000, 0x0000000736700000|  0%| F|  |TAMS 0x0000000736600000, 0x0000000736600000| Untracked 
| 701|0x0000000736700000, 0x0000000736700000, 0x0000000736800000|  0%| F|  |TAMS 0x0000000736700000, 0x0000000736700000| Untracked 
| 702|0x0000000736800000, 0x0000000736800000, 0x0000000736900000|  0%| F|  |TAMS 0x0000000736800000, 0x0000000736800000| Untracked 
| 703|0x0000000736900000, 0x0000000736900000, 0x0000000736a00000|  0%| F|  |TAMS 0x0000000736900000, 0x0000000736900000| Untracked 
| 704|0x0000000736a00000, 0x0000000736a00000, 0x0000000736b00000|  0%| F|  |TAMS 0x0000000736a00000, 0x0000000736a00000| Untracked 
| 705|0x0000000736b00000, 0x0000000736b00000, 0x0000000736c00000|  0%| F|  |TAMS 0x0000000736b00000, 0x0000000736b00000| Untracked 
| 706|0x0000000736c00000, 0x0000000736c00000, 0x0000000736d00000|  0%| F|  |TAMS 0x0000000736c00000, 0x0000000736c00000| Untracked 
| 707|0x0000000736d00000, 0x0000000736d00000, 0x0000000736e00000|  0%| F|  |TAMS 0x0000000736d00000, 0x0000000736d00000| Untracked 
| 708|0x0000000736e00000, 0x0000000736e00000, 0x0000000736f00000|  0%| F|  |TAMS 0x0000000736e00000, 0x0000000736e00000| Untracked 
| 709|0x0000000736f00000, 0x0000000736f00000, 0x0000000737000000|  0%| F|  |TAMS 0x0000000736f00000, 0x0000000736f00000| Untracked 
| 710|0x0000000737000000, 0x0000000737000000, 0x0000000737100000|  0%| F|  |TAMS 0x0000000737000000, 0x0000000737000000| Untracked 
| 711|0x0000000737100000, 0x0000000737100000, 0x0000000737200000|  0%| F|  |TAMS 0x0000000737100000, 0x0000000737100000| Untracked 
| 712|0x0000000737200000, 0x0000000737200000, 0x0000000737300000|  0%| F|  |TAMS 0x0000000737200000, 0x0000000737200000| Untracked 
| 713|0x0000000737300000, 0x0000000737300000, 0x0000000737400000|  0%| F|  |TAMS 0x0000000737300000, 0x0000000737300000| Untracked 
| 714|0x0000000737400000, 0x0000000737400000, 0x0000000737500000|  0%| F|  |TAMS 0x0000000737400000, 0x0000000737400000| Untracked 
| 715|0x0000000737500000, 0x0000000737500000, 0x0000000737600000|  0%| F|  |TAMS 0x0000000737500000, 0x0000000737500000| Untracked 
| 716|0x0000000737600000, 0x0000000737600000, 0x0000000737700000|  0%| F|  |TAMS 0x0000000737600000, 0x0000000737600000| Untracked 
| 717|0x0000000737700000, 0x0000000737700000, 0x0000000737800000|  0%| F|  |TAMS 0x0000000737700000, 0x0000000737700000| Untracked 
| 718|0x0000000737800000, 0x0000000737800000, 0x0000000737900000|  0%| F|  |TAMS 0x0000000737800000, 0x0000000737800000| Untracked 
| 719|0x0000000737900000, 0x0000000737900000, 0x0000000737a00000|  0%| F|  |TAMS 0x0000000737900000, 0x0000000737900000| Untracked 
| 720|0x0000000737a00000, 0x0000000737a00000, 0x0000000737b00000|  0%| F|  |TAMS 0x0000000737a00000, 0x0000000737a00000| Untracked 
| 721|0x0000000737b00000, 0x0000000737b00000, 0x0000000737c00000|  0%| F|  |TAMS 0x0000000737b00000, 0x0000000737b00000| Untracked 
| 722|0x0000000737c00000, 0x0000000737c00000, 0x0000000737d00000|  0%| F|  |TAMS 0x0000000737c00000, 0x0000000737c00000| Untracked 
| 723|0x0000000737d00000, 0x0000000737d00000, 0x0000000737e00000|  0%| F|  |TAMS 0x0000000737d00000, 0x0000000737d00000| Untracked 
| 724|0x0000000737e00000, 0x0000000737e00000, 0x0000000737f00000|  0%| F|  |TAMS 0x0000000737e00000, 0x0000000737e00000| Untracked 
| 725|0x0000000737f00000, 0x0000000737f00000, 0x0000000738000000|  0%| F|  |TAMS 0x0000000737f00000, 0x0000000737f00000| Untracked 
| 726|0x0000000738000000, 0x0000000738000000, 0x0000000738100000|  0%| F|  |TAMS 0x0000000738000000, 0x0000000738000000| Untracked 
| 727|0x0000000738100000, 0x0000000738100000, 0x0000000738200000|  0%| F|  |TAMS 0x0000000738100000, 0x0000000738100000| Untracked 
| 728|0x0000000738200000, 0x0000000738200000, 0x0000000738300000|  0%| F|  |TAMS 0x0000000738200000, 0x0000000738200000| Untracked 
| 729|0x0000000738300000, 0x0000000738300000, 0x0000000738400000|  0%| F|  |TAMS 0x0000000738300000, 0x0000000738300000| Untracked 
| 730|0x0000000738400000, 0x0000000738400000, 0x0000000738500000|  0%| F|  |TAMS 0x0000000738400000, 0x0000000738400000| Untracked 
| 731|0x0000000738500000, 0x0000000738500000, 0x0000000738600000|  0%| F|  |TAMS 0x0000000738500000, 0x0000000738500000| Untracked 
| 732|0x0000000738600000, 0x0000000738600000, 0x0000000738700000|  0%| F|  |TAMS 0x0000000738600000, 0x0000000738600000| Untracked 
| 733|0x0000000738700000, 0x0000000738700000, 0x0000000738800000|  0%| F|  |TAMS 0x0000000738700000, 0x0000000738700000| Untracked 
| 734|0x0000000738800000, 0x0000000738800000, 0x0000000738900000|  0%| F|  |TAMS 0x0000000738800000, 0x0000000738800000| Untracked 
| 735|0x0000000738900000, 0x0000000738900000, 0x0000000738a00000|  0%| F|  |TAMS 0x0000000738900000, 0x0000000738900000| Untracked 
| 736|0x0000000738a00000, 0x0000000738a00000, 0x0000000738b00000|  0%| F|  |TAMS 0x0000000738a00000, 0x0000000738a00000| Untracked 
| 737|0x0000000738b00000, 0x0000000738b00000, 0x0000000738c00000|  0%| F|  |TAMS 0x0000000738b00000, 0x0000000738b00000| Untracked 
| 738|0x0000000738c00000, 0x0000000738c00000, 0x0000000738d00000|  0%| F|  |TAMS 0x0000000738c00000, 0x0000000738c00000| Untracked 
| 739|0x0000000738d00000, 0x0000000738d00000, 0x0000000738e00000|  0%| F|  |TAMS 0x0000000738d00000, 0x0000000738d00000| Untracked 
| 740|0x0000000738e00000, 0x0000000738e00000, 0x0000000738f00000|  0%| F|  |TAMS 0x0000000738e00000, 0x0000000738e00000| Untracked 
| 741|0x0000000738f00000, 0x0000000738f00000, 0x0000000739000000|  0%| F|  |TAMS 0x0000000738f00000, 0x0000000738f00000| Untracked 
| 742|0x0000000739000000, 0x0000000739000000, 0x0000000739100000|  0%| F|  |TAMS 0x0000000739000000, 0x0000000739000000| Untracked 
| 743|0x0000000739100000, 0x0000000739100000, 0x0000000739200000|  0%| F|  |TAMS 0x0000000739100000, 0x0000000739100000| Untracked 
| 744|0x0000000739200000, 0x0000000739200000, 0x0000000739300000|  0%| F|  |TAMS 0x0000000739200000, 0x0000000739200000| Untracked 
| 745|0x0000000739300000, 0x0000000739300000, 0x0000000739400000|  0%| F|  |TAMS 0x0000000739300000, 0x0000000739300000| Untracked 
| 746|0x0000000739400000, 0x0000000739400000, 0x0000000739500000|  0%| F|  |TAMS 0x0000000739400000, 0x0000000739400000| Untracked 
| 747|0x0000000739500000, 0x0000000739500000, 0x0000000739600000|  0%| F|  |TAMS 0x0000000739500000, 0x0000000739500000| Untracked 
| 748|0x0000000739600000, 0x0000000739600000, 0x0000000739700000|  0%| F|  |TAMS 0x0000000739600000, 0x0000000739600000| Untracked 
| 749|0x0000000739700000, 0x0000000739700000, 0x0000000739800000|  0%| F|  |TAMS 0x0000000739700000, 0x0000000739700000| Untracked 
| 750|0x0000000739800000, 0x0000000739800000, 0x0000000739900000|  0%| F|  |TAMS 0x0000000739800000, 0x0000000739800000| Untracked 
| 751|0x0000000739900000, 0x0000000739900000, 0x0000000739a00000|  0%| F|  |TAMS 0x0000000739900000, 0x0000000739900000| Untracked 
| 752|0x0000000739a00000, 0x0000000739a00000, 0x0000000739b00000|  0%| F|  |TAMS 0x0000000739a00000, 0x0000000739a00000| Untracked 
| 753|0x0000000739b00000, 0x0000000739b00000, 0x0000000739c00000|  0%| F|  |TAMS 0x0000000739b00000, 0x0000000739b00000| Untracked 
| 754|0x0000000739c00000, 0x0000000739c00000, 0x0000000739d00000|  0%| F|  |TAMS 0x0000000739c00000, 0x0000000739c00000| Untracked 
| 755|0x0000000739d00000, 0x0000000739d00000, 0x0000000739e00000|  0%| F|  |TAMS 0x0000000739d00000, 0x0000000739d00000| Untracked 
| 756|0x0000000739e00000, 0x0000000739e00000, 0x0000000739f00000|  0%| F|  |TAMS 0x0000000739e00000, 0x0000000739e00000| Untracked 
| 757|0x0000000739f00000, 0x0000000739f00000, 0x000000073a000000|  0%| F|  |TAMS 0x0000000739f00000, 0x0000000739f00000| Untracked 
| 758|0x000000073a000000, 0x000000073a000000, 0x000000073a100000|  0%| F|  |TAMS 0x000000073a000000, 0x000000073a000000| Untracked 
| 759|0x000000073a100000, 0x000000073a100000, 0x000000073a200000|  0%| F|  |TAMS 0x000000073a100000, 0x000000073a100000| Untracked 
| 760|0x000000073a200000, 0x000000073a200000, 0x000000073a300000|  0%| F|  |TAMS 0x000000073a200000, 0x000000073a200000| Untracked 
| 761|0x000000073a300000, 0x000000073a300000, 0x000000073a400000|  0%| F|  |TAMS 0x000000073a300000, 0x000000073a300000| Untracked 
| 762|0x000000073a400000, 0x000000073a400000, 0x000000073a500000|  0%| F|  |TAMS 0x000000073a400000, 0x000000073a400000| Untracked 
| 763|0x000000073a500000, 0x000000073a500000, 0x000000073a600000|  0%| F|  |TAMS 0x000000073a500000, 0x000000073a500000| Untracked 
| 764|0x000000073a600000, 0x000000073a600000, 0x000000073a700000|  0%| F|  |TAMS 0x000000073a600000, 0x000000073a600000| Untracked 
| 765|0x000000073a700000, 0x000000073a700000, 0x000000073a800000|  0%| F|  |TAMS 0x000000073a700000, 0x000000073a700000| Untracked 
| 766|0x000000073a800000, 0x000000073a800000, 0x000000073a900000|  0%| F|  |TAMS 0x000000073a800000, 0x000000073a800000| Untracked 
| 767|0x000000073a900000, 0x000000073a900000, 0x000000073aa00000|  0%| F|  |TAMS 0x000000073a900000, 0x000000073a900000| Untracked 
| 768|0x000000073aa00000, 0x000000073aa00000, 0x000000073ab00000|  0%| F|  |TAMS 0x000000073aa00000, 0x000000073aa00000| Untracked 
| 769|0x000000073ab00000, 0x000000073ab00000, 0x000000073ac00000|  0%| F|  |TAMS 0x000000073ab00000, 0x000000073ab00000| Untracked 
| 770|0x000000073ac00000, 0x000000073ac00000, 0x000000073ad00000|  0%| F|  |TAMS 0x000000073ac00000, 0x000000073ac00000| Untracked 
| 771|0x000000073ad00000, 0x000000073ad00000, 0x000000073ae00000|  0%| F|  |TAMS 0x000000073ad00000, 0x000000073ad00000| Untracked 
| 772|0x000000073ae00000, 0x000000073ae00000, 0x000000073af00000|  0%| F|  |TAMS 0x000000073ae00000, 0x000000073ae00000| Untracked 
| 773|0x000000073af00000, 0x000000073af00000, 0x000000073b000000|  0%| F|  |TAMS 0x000000073af00000, 0x000000073af00000| Untracked 
| 774|0x000000073b000000, 0x000000073b000000, 0x000000073b100000|  0%| F|  |TAMS 0x000000073b000000, 0x000000073b000000| Untracked 
| 775|0x000000073b100000, 0x000000073b100000, 0x000000073b200000|  0%| F|  |TAMS 0x000000073b100000, 0x000000073b100000| Untracked 
| 776|0x000000073b200000, 0x000000073b200000, 0x000000073b300000|  0%| F|  |TAMS 0x000000073b200000, 0x000000073b200000| Untracked 
| 777|0x000000073b300000, 0x000000073b300000, 0x000000073b400000|  0%| F|  |TAMS 0x000000073b300000, 0x000000073b300000| Untracked 
| 778|0x000000073b400000, 0x000000073b400000, 0x000000073b500000|  0%| F|  |TAMS 0x000000073b400000, 0x000000073b400000| Untracked 
| 779|0x000000073b500000, 0x000000073b500000, 0x000000073b600000|  0%| F|  |TAMS 0x000000073b500000, 0x000000073b500000| Untracked 
| 780|0x000000073b600000, 0x000000073b600000, 0x000000073b700000|  0%| F|  |TAMS 0x000000073b600000, 0x000000073b600000| Untracked 
| 781|0x000000073b700000, 0x000000073b700000, 0x000000073b800000|  0%| F|  |TAMS 0x000000073b700000, 0x000000073b700000| Untracked 
| 782|0x000000073b800000, 0x000000073b800000, 0x000000073b900000|  0%| F|  |TAMS 0x000000073b800000, 0x000000073b800000| Untracked 
| 783|0x000000073b900000, 0x000000073b900000, 0x000000073ba00000|  0%| F|  |TAMS 0x000000073b900000, 0x000000073b900000| Untracked 
| 784|0x000000073ba00000, 0x000000073ba00000, 0x000000073bb00000|  0%| F|  |TAMS 0x000000073ba00000, 0x000000073ba00000| Untracked 
| 785|0x000000073bb00000, 0x000000073bb00000, 0x000000073bc00000|  0%| F|  |TAMS 0x000000073bb00000, 0x000000073bb00000| Untracked 
| 786|0x000000073bc00000, 0x000000073bc00000, 0x000000073bd00000|  0%| F|  |TAMS 0x000000073bc00000, 0x000000073bc00000| Untracked 
| 787|0x000000073bd00000, 0x000000073bd00000, 0x000000073be00000|  0%| F|  |TAMS 0x000000073bd00000, 0x000000073bd00000| Untracked 
| 788|0x000000073be00000, 0x000000073be00000, 0x000000073bf00000|  0%| F|  |TAMS 0x000000073be00000, 0x000000073be00000| Untracked 
| 789|0x000000073bf00000, 0x000000073bf00000, 0x000000073c000000|  0%| F|  |TAMS 0x000000073bf00000, 0x000000073bf00000| Untracked 
| 790|0x000000073c000000, 0x000000073c000000, 0x000000073c100000|  0%| F|  |TAMS 0x000000073c000000, 0x000000073c000000| Untracked 
| 791|0x000000073c100000, 0x000000073c100000, 0x000000073c200000|  0%| F|  |TAMS 0x000000073c100000, 0x000000073c100000| Untracked 
| 792|0x000000073c200000, 0x000000073c200000, 0x000000073c300000|  0%| F|  |TAMS 0x000000073c200000, 0x000000073c200000| Untracked 
| 793|0x000000073c300000, 0x000000073c300000, 0x000000073c400000|  0%| F|  |TAMS 0x000000073c300000, 0x000000073c300000| Untracked 
| 794|0x000000073c400000, 0x000000073c400000, 0x000000073c500000|  0%| F|  |TAMS 0x000000073c400000, 0x000000073c400000| Untracked 
| 795|0x000000073c500000, 0x000000073c500000, 0x000000073c600000|  0%| F|  |TAMS 0x000000073c500000, 0x000000073c500000| Untracked 
| 796|0x000000073c600000, 0x000000073c600000, 0x000000073c700000|  0%| F|  |TAMS 0x000000073c600000, 0x000000073c600000| Untracked 
| 797|0x000000073c700000, 0x000000073c700000, 0x000000073c800000|  0%| F|  |TAMS 0x000000073c700000, 0x000000073c700000| Untracked 
| 798|0x000000073c800000, 0x000000073c800000, 0x000000073c900000|  0%| F|  |TAMS 0x000000073c800000, 0x000000073c800000| Untracked 
| 799|0x000000073c900000, 0x000000073c900000, 0x000000073ca00000|  0%| F|  |TAMS 0x000000073c900000, 0x000000073c900000| Untracked 
| 800|0x000000073ca00000, 0x000000073ca00000, 0x000000073cb00000|  0%| F|  |TAMS 0x000000073ca00000, 0x000000073ca00000| Untracked 
| 801|0x000000073cb00000, 0x000000073cb00000, 0x000000073cc00000|  0%| F|  |TAMS 0x000000073cb00000, 0x000000073cb00000| Untracked 
| 802|0x000000073cc00000, 0x000000073cc00000, 0x000000073cd00000|  0%| F|  |TAMS 0x000000073cc00000, 0x000000073cc00000| Untracked 
| 803|0x000000073cd00000, 0x000000073cd00000, 0x000000073ce00000|  0%| F|  |TAMS 0x000000073cd00000, 0x000000073cd00000| Untracked 
| 804|0x000000073ce00000, 0x000000073ce00000, 0x000000073cf00000|  0%| F|  |TAMS 0x000000073ce00000, 0x000000073ce00000| Untracked 
| 805|0x000000073cf00000, 0x000000073cf00000, 0x000000073d000000|  0%| F|  |TAMS 0x000000073cf00000, 0x000000073cf00000| Untracked 
| 806|0x000000073d000000, 0x000000073d000000, 0x000000073d100000|  0%| F|  |TAMS 0x000000073d000000, 0x000000073d000000| Untracked 
| 807|0x000000073d100000, 0x000000073d100000, 0x000000073d200000|  0%| F|  |TAMS 0x000000073d100000, 0x000000073d100000| Untracked 
| 808|0x000000073d200000, 0x000000073d200000, 0x000000073d300000|  0%| F|  |TAMS 0x000000073d200000, 0x000000073d200000| Untracked 
| 809|0x000000073d300000, 0x000000073d300000, 0x000000073d400000|  0%| F|  |TAMS 0x000000073d300000, 0x000000073d300000| Untracked 
| 810|0x000000073d400000, 0x000000073d400000, 0x000000073d500000|  0%| F|  |TAMS 0x000000073d400000, 0x000000073d400000| Untracked 
| 811|0x000000073d500000, 0x000000073d500000, 0x000000073d600000|  0%| F|  |TAMS 0x000000073d500000, 0x000000073d500000| Untracked 
| 812|0x000000073d600000, 0x000000073d600000, 0x000000073d700000|  0%| F|  |TAMS 0x000000073d600000, 0x000000073d600000| Untracked 
| 813|0x000000073d700000, 0x000000073d700000, 0x000000073d800000|  0%| F|  |TAMS 0x000000073d700000, 0x000000073d700000| Untracked 
| 814|0x000000073d800000, 0x000000073d800000, 0x000000073d900000|  0%| F|  |TAMS 0x000000073d800000, 0x000000073d800000| Untracked 
| 815|0x000000073d900000, 0x000000073d900000, 0x000000073da00000|  0%| F|  |TAMS 0x000000073d900000, 0x000000073d900000| Untracked 
| 816|0x000000073da00000, 0x000000073da00000, 0x000000073db00000|  0%| F|  |TAMS 0x000000073da00000, 0x000000073da00000| Untracked 
| 817|0x000000073db00000, 0x000000073db00000, 0x000000073dc00000|  0%| F|  |TAMS 0x000000073db00000, 0x000000073db00000| Untracked 
| 818|0x000000073dc00000, 0x000000073dc00000, 0x000000073dd00000|  0%| F|  |TAMS 0x000000073dc00000, 0x000000073dc00000| Untracked 
| 819|0x000000073dd00000, 0x000000073dd00000, 0x000000073de00000|  0%| F|  |TAMS 0x000000073dd00000, 0x000000073dd00000| Untracked 
| 820|0x000000073de00000, 0x000000073de00000, 0x000000073df00000|  0%| F|  |TAMS 0x000000073de00000, 0x000000073de00000| Untracked 
| 821|0x000000073df00000, 0x000000073df00000, 0x000000073e000000|  0%| F|  |TAMS 0x000000073df00000, 0x000000073df00000| Untracked 
| 822|0x000000073e000000, 0x000000073e000000, 0x000000073e100000|  0%| F|  |TAMS 0x000000073e000000, 0x000000073e000000| Untracked 
| 823|0x000000073e100000, 0x000000073e100000, 0x000000073e200000|  0%| F|  |TAMS 0x000000073e100000, 0x000000073e100000| Untracked 
| 824|0x000000073e200000, 0x000000073e200000, 0x000000073e300000|  0%| F|  |TAMS 0x000000073e200000, 0x000000073e200000| Untracked 
| 825|0x000000073e300000, 0x000000073e300000, 0x000000073e400000|  0%| F|  |TAMS 0x000000073e300000, 0x000000073e300000| Untracked 
| 826|0x000000073e400000, 0x000000073e400000, 0x000000073e500000|  0%| F|  |TAMS 0x000000073e400000, 0x000000073e400000| Untracked 
| 827|0x000000073e500000, 0x000000073e500000, 0x000000073e600000|  0%| F|  |TAMS 0x000000073e500000, 0x000000073e500000| Untracked 
| 828|0x000000073e600000, 0x000000073e600000, 0x000000073e700000|  0%| F|  |TAMS 0x000000073e600000, 0x000000073e600000| Untracked 
| 829|0x000000073e700000, 0x000000073e700000, 0x000000073e800000|  0%| F|  |TAMS 0x000000073e700000, 0x000000073e700000| Untracked 
| 830|0x000000073e800000, 0x000000073e800000, 0x000000073e900000|  0%| F|  |TAMS 0x000000073e800000, 0x000000073e800000| Untracked 
| 831|0x000000073e900000, 0x000000073e900000, 0x000000073ea00000|  0%| F|  |TAMS 0x000000073e900000, 0x000000073e900000| Untracked 
| 832|0x000000073ea00000, 0x000000073ea00000, 0x000000073eb00000|  0%| F|  |TAMS 0x000000073ea00000, 0x000000073ea00000| Untracked 
| 833|0x000000073eb00000, 0x000000073eb00000, 0x000000073ec00000|  0%| F|  |TAMS 0x000000073eb00000, 0x000000073eb00000| Untracked 
| 834|0x000000073ec00000, 0x000000073ec00000, 0x000000073ed00000|  0%| F|  |TAMS 0x000000073ec00000, 0x000000073ec00000| Untracked 
| 835|0x000000073ed00000, 0x000000073ed00000, 0x000000073ee00000|  0%| F|  |TAMS 0x000000073ed00000, 0x000000073ed00000| Untracked 
| 836|0x000000073ee00000, 0x000000073ee00000, 0x000000073ef00000|  0%| F|  |TAMS 0x000000073ee00000, 0x000000073ee00000| Untracked 
| 837|0x000000073ef00000, 0x000000073ef00000, 0x000000073f000000|  0%| F|  |TAMS 0x000000073ef00000, 0x000000073ef00000| Untracked 
| 838|0x000000073f000000, 0x000000073f000000, 0x000000073f100000|  0%| F|  |TAMS 0x000000073f000000, 0x000000073f000000| Untracked 
| 839|0x000000073f100000, 0x000000073f100000, 0x000000073f200000|  0%| F|  |TAMS 0x000000073f100000, 0x000000073f100000| Untracked 
| 840|0x000000073f200000, 0x000000073f200000, 0x000000073f300000|  0%| F|  |TAMS 0x000000073f200000, 0x000000073f200000| Untracked 
| 841|0x000000073f300000, 0x000000073f300000, 0x000000073f400000|  0%| F|  |TAMS 0x000000073f300000, 0x000000073f300000| Untracked 
| 842|0x000000073f400000, 0x000000073f400000, 0x000000073f500000|  0%| F|  |TAMS 0x000000073f400000, 0x000000073f400000| Untracked 
| 843|0x000000073f500000, 0x000000073f500000, 0x000000073f600000|  0%| F|  |TAMS 0x000000073f500000, 0x000000073f500000| Untracked 
| 844|0x000000073f600000, 0x000000073f600000, 0x000000073f700000|  0%| F|  |TAMS 0x000000073f600000, 0x000000073f600000| Untracked 
| 845|0x000000073f700000, 0x000000073f700000, 0x000000073f800000|  0%| F|  |TAMS 0x000000073f700000, 0x000000073f700000| Untracked 
| 846|0x000000073f800000, 0x000000073f800000, 0x000000073f900000|  0%| F|  |TAMS 0x000000073f800000, 0x000000073f800000| Untracked 
| 847|0x000000073f900000, 0x000000073f900000, 0x000000073fa00000|  0%| F|  |TAMS 0x000000073f900000, 0x000000073f900000| Untracked 
| 848|0x000000073fa00000, 0x000000073fa00000, 0x000000073fb00000|  0%| F|  |TAMS 0x000000073fa00000, 0x000000073fa00000| Untracked 
| 849|0x000000073fb00000, 0x000000073fb00000, 0x000000073fc00000|  0%| F|  |TAMS 0x000000073fb00000, 0x000000073fb00000| Untracked 
| 850|0x000000073fc00000, 0x000000073fc00000, 0x000000073fd00000|  0%| F|  |TAMS 0x000000073fc00000, 0x000000073fc00000| Untracked 
| 851|0x000000073fd00000, 0x000000073fd00000, 0x000000073fe00000|  0%| F|  |TAMS 0x000000073fd00000, 0x000000073fd00000| Untracked 
| 852|0x000000073fe00000, 0x000000073fe00000, 0x000000073ff00000|  0%| F|  |TAMS 0x000000073fe00000, 0x000000073fe00000| Untracked 
| 853|0x000000073ff00000, 0x000000073ff00000, 0x0000000740000000|  0%| F|  |TAMS 0x000000073ff00000, 0x000000073ff00000| Untracked 
| 854|0x0000000740000000, 0x0000000740000000, 0x0000000740100000|  0%| F|  |TAMS 0x0000000740000000, 0x0000000740000000| Untracked 
| 855|0x0000000740100000, 0x0000000740100000, 0x0000000740200000|  0%| F|  |TAMS 0x0000000740100000, 0x0000000740100000| Untracked 
| 856|0x0000000740200000, 0x0000000740200000, 0x0000000740300000|  0%| F|  |TAMS 0x0000000740200000, 0x0000000740200000| Untracked 
| 857|0x0000000740300000, 0x0000000740300000, 0x0000000740400000|  0%| F|  |TAMS 0x0000000740300000, 0x0000000740300000| Untracked 
| 858|0x0000000740400000, 0x0000000740400000, 0x0000000740500000|  0%| F|  |TAMS 0x0000000740400000, 0x0000000740400000| Untracked 
| 859|0x0000000740500000, 0x0000000740500000, 0x0000000740600000|  0%| F|  |TAMS 0x0000000740500000, 0x0000000740500000| Untracked 
| 860|0x0000000740600000, 0x0000000740600000, 0x0000000740700000|  0%| F|  |TAMS 0x0000000740600000, 0x0000000740600000| Untracked 
| 861|0x0000000740700000, 0x0000000740700000, 0x0000000740800000|  0%| F|  |TAMS 0x0000000740700000, 0x0000000740700000| Untracked 
| 862|0x0000000740800000, 0x0000000740800000, 0x0000000740900000|  0%| F|  |TAMS 0x0000000740800000, 0x0000000740800000| Untracked 
| 863|0x0000000740900000, 0x0000000740900000, 0x0000000740a00000|  0%| F|  |TAMS 0x0000000740900000, 0x0000000740900000| Untracked 
| 864|0x0000000740a00000, 0x0000000740a00000, 0x0000000740b00000|  0%| F|  |TAMS 0x0000000740a00000, 0x0000000740a00000| Untracked 
| 865|0x0000000740b00000, 0x0000000740b00000, 0x0000000740c00000|  0%| F|  |TAMS 0x0000000740b00000, 0x0000000740b00000| Untracked 
| 866|0x0000000740c00000, 0x0000000740c00000, 0x0000000740d00000|  0%| F|  |TAMS 0x0000000740c00000, 0x0000000740c00000| Untracked 
| 867|0x0000000740d00000, 0x0000000740d00000, 0x0000000740e00000|  0%| F|  |TAMS 0x0000000740d00000, 0x0000000740d00000| Untracked 
| 868|0x0000000740e00000, 0x0000000740e00000, 0x0000000740f00000|  0%| F|  |TAMS 0x0000000740e00000, 0x0000000740e00000| Untracked 
| 869|0x0000000740f00000, 0x0000000740f00000, 0x0000000741000000|  0%| F|  |TAMS 0x0000000740f00000, 0x0000000740f00000| Untracked 
| 870|0x0000000741000000, 0x0000000741000000, 0x0000000741100000|  0%| F|  |TAMS 0x0000000741000000, 0x0000000741000000| Untracked 
| 871|0x0000000741100000, 0x0000000741100000, 0x0000000741200000|  0%| F|  |TAMS 0x0000000741100000, 0x0000000741100000| Untracked 
| 872|0x0000000741200000, 0x0000000741200000, 0x0000000741300000|  0%| F|  |TAMS 0x0000000741200000, 0x0000000741200000| Untracked 
| 873|0x0000000741300000, 0x0000000741300000, 0x0000000741400000|  0%| F|  |TAMS 0x0000000741300000, 0x0000000741300000| Untracked 
| 874|0x0000000741400000, 0x0000000741400000, 0x0000000741500000|  0%| F|  |TAMS 0x0000000741400000, 0x0000000741400000| Untracked 
| 875|0x0000000741500000, 0x0000000741500000, 0x0000000741600000|  0%| F|  |TAMS 0x0000000741500000, 0x0000000741500000| Untracked 
| 876|0x0000000741600000, 0x0000000741600000, 0x0000000741700000|  0%| F|  |TAMS 0x0000000741600000, 0x0000000741600000| Untracked 
| 877|0x0000000741700000, 0x0000000741700000, 0x0000000741800000|  0%| F|  |TAMS 0x0000000741700000, 0x0000000741700000| Untracked 
| 878|0x0000000741800000, 0x0000000741800000, 0x0000000741900000|  0%| F|  |TAMS 0x0000000741800000, 0x0000000741800000| Untracked 
| 879|0x0000000741900000, 0x0000000741900000, 0x0000000741a00000|  0%| F|  |TAMS 0x0000000741900000, 0x0000000741900000| Untracked 
| 880|0x0000000741a00000, 0x0000000741a00000, 0x0000000741b00000|  0%| F|  |TAMS 0x0000000741a00000, 0x0000000741a00000| Untracked 
| 881|0x0000000741b00000, 0x0000000741b00000, 0x0000000741c00000|  0%| F|  |TAMS 0x0000000741b00000, 0x0000000741b00000| Untracked 
| 882|0x0000000741c00000, 0x0000000741c00000, 0x0000000741d00000|  0%| F|  |TAMS 0x0000000741c00000, 0x0000000741c00000| Untracked 
| 883|0x0000000741d00000, 0x0000000741d00000, 0x0000000741e00000|  0%| F|  |TAMS 0x0000000741d00000, 0x0000000741d00000| Untracked 
| 884|0x0000000741e00000, 0x0000000741e00000, 0x0000000741f00000|  0%| F|  |TAMS 0x0000000741e00000, 0x0000000741e00000| Untracked 
| 885|0x0000000741f00000, 0x0000000741f00000, 0x0000000742000000|  0%| F|  |TAMS 0x0000000741f00000, 0x0000000741f00000| Untracked 
| 886|0x0000000742000000, 0x0000000742000000, 0x0000000742100000|  0%| F|  |TAMS 0x0000000742000000, 0x0000000742000000| Untracked 
| 887|0x0000000742100000, 0x0000000742100000, 0x0000000742200000|  0%| F|  |TAMS 0x0000000742100000, 0x0000000742100000| Untracked 
| 888|0x0000000742200000, 0x0000000742200000, 0x0000000742300000|  0%| F|  |TAMS 0x0000000742200000, 0x0000000742200000| Untracked 
| 889|0x0000000742300000, 0x0000000742300000, 0x0000000742400000|  0%| F|  |TAMS 0x0000000742300000, 0x0000000742300000| Untracked 
| 890|0x0000000742400000, 0x0000000742400000, 0x0000000742500000|  0%| F|  |TAMS 0x0000000742400000, 0x0000000742400000| Untracked 
| 891|0x0000000742500000, 0x0000000742500000, 0x0000000742600000|  0%| F|  |TAMS 0x0000000742500000, 0x0000000742500000| Untracked 
| 892|0x0000000742600000, 0x0000000742600000, 0x0000000742700000|  0%| F|  |TAMS 0x0000000742600000, 0x0000000742600000| Untracked 
| 893|0x0000000742700000, 0x0000000742700000, 0x0000000742800000|  0%| F|  |TAMS 0x0000000742700000, 0x0000000742700000| Untracked 
| 894|0x0000000742800000, 0x0000000742800000, 0x0000000742900000|  0%| F|  |TAMS 0x0000000742800000, 0x0000000742800000| Untracked 
| 895|0x0000000742900000, 0x0000000742900000, 0x0000000742a00000|  0%| F|  |TAMS 0x0000000742900000, 0x0000000742900000| Untracked 
| 896|0x0000000742a00000, 0x0000000742a00000, 0x0000000742b00000|  0%| F|  |TAMS 0x0000000742a00000, 0x0000000742a00000| Untracked 
| 897|0x0000000742b00000, 0x0000000742b00000, 0x0000000742c00000|  0%| F|  |TAMS 0x0000000742b00000, 0x0000000742b00000| Untracked 
| 898|0x0000000742c00000, 0x0000000742c00000, 0x0000000742d00000|  0%| F|  |TAMS 0x0000000742c00000, 0x0000000742c00000| Untracked 
| 899|0x0000000742d00000, 0x0000000742d00000, 0x0000000742e00000|  0%| F|  |TAMS 0x0000000742d00000, 0x0000000742d00000| Untracked 
| 900|0x0000000742e00000, 0x0000000742e00000, 0x0000000742f00000|  0%| F|  |TAMS 0x0000000742e00000, 0x0000000742e00000| Untracked 
| 901|0x0000000742f00000, 0x0000000742f00000, 0x0000000743000000|  0%| F|  |TAMS 0x0000000742f00000, 0x0000000742f00000| Untracked 
| 902|0x0000000743000000, 0x0000000743000000, 0x0000000743100000|  0%| F|  |TAMS 0x0000000743000000, 0x0000000743000000| Untracked 
| 903|0x0000000743100000, 0x0000000743100000, 0x0000000743200000|  0%| F|  |TAMS 0x0000000743100000, 0x0000000743100000| Untracked 
| 904|0x0000000743200000, 0x0000000743200000, 0x0000000743300000|  0%| F|  |TAMS 0x0000000743200000, 0x0000000743200000| Untracked 
| 905|0x0000000743300000, 0x0000000743300000, 0x0000000743400000|  0%| F|  |TAMS 0x0000000743300000, 0x0000000743300000| Untracked 
| 906|0x0000000743400000, 0x0000000743400000, 0x0000000743500000|  0%| F|  |TAMS 0x0000000743400000, 0x0000000743400000| Untracked 
| 907|0x0000000743500000, 0x0000000743500000, 0x0000000743600000|  0%| F|  |TAMS 0x0000000743500000, 0x0000000743500000| Untracked 
| 908|0x0000000743600000, 0x0000000743600000, 0x0000000743700000|  0%| F|  |TAMS 0x0000000743600000, 0x0000000743600000| Untracked 
| 909|0x0000000743700000, 0x0000000743700000, 0x0000000743800000|  0%| F|  |TAMS 0x0000000743700000, 0x0000000743700000| Untracked 
| 910|0x0000000743800000, 0x0000000743800000, 0x0000000743900000|  0%| F|  |TAMS 0x0000000743800000, 0x0000000743800000| Untracked 
| 911|0x0000000743900000, 0x0000000743900000, 0x0000000743a00000|  0%| F|  |TAMS 0x0000000743900000, 0x0000000743900000| Untracked 
| 912|0x0000000743a00000, 0x0000000743a00000, 0x0000000743b00000|  0%| F|  |TAMS 0x0000000743a00000, 0x0000000743a00000| Untracked 
| 913|0x0000000743b00000, 0x0000000743b00000, 0x0000000743c00000|  0%| F|  |TAMS 0x0000000743b00000, 0x0000000743b00000| Untracked 
| 914|0x0000000743c00000, 0x0000000743c00000, 0x0000000743d00000|  0%| F|  |TAMS 0x0000000743c00000, 0x0000000743c00000| Untracked 
| 915|0x0000000743d00000, 0x0000000743d00000, 0x0000000743e00000|  0%| F|  |TAMS 0x0000000743d00000, 0x0000000743d00000| Untracked 
| 916|0x0000000743e00000, 0x0000000743e00000, 0x0000000743f00000|  0%| F|  |TAMS 0x0000000743e00000, 0x0000000743e00000| Untracked 
| 917|0x0000000743f00000, 0x0000000743f00000, 0x0000000744000000|  0%| F|  |TAMS 0x0000000743f00000, 0x0000000743f00000| Untracked 
| 918|0x0000000744000000, 0x0000000744000000, 0x0000000744100000|  0%| F|  |TAMS 0x0000000744000000, 0x0000000744000000| Untracked 
| 919|0x0000000744100000, 0x0000000744100000, 0x0000000744200000|  0%| F|  |TAMS 0x0000000744100000, 0x0000000744100000| Untracked 
| 920|0x0000000744200000, 0x0000000744200000, 0x0000000744300000|  0%| F|  |TAMS 0x0000000744200000, 0x0000000744200000| Untracked 
| 921|0x0000000744300000, 0x0000000744300000, 0x0000000744400000|  0%| F|  |TAMS 0x0000000744300000, 0x0000000744300000| Untracked 
| 922|0x0000000744400000, 0x0000000744400000, 0x0000000744500000|  0%| F|  |TAMS 0x0000000744400000, 0x0000000744400000| Untracked 
| 923|0x0000000744500000, 0x0000000744500000, 0x0000000744600000|  0%| F|  |TAMS 0x0000000744500000, 0x0000000744500000| Untracked 
| 924|0x0000000744600000, 0x0000000744600000, 0x0000000744700000|  0%| F|  |TAMS 0x0000000744600000, 0x0000000744600000| Untracked 
| 925|0x0000000744700000, 0x0000000744700000, 0x0000000744800000|  0%| F|  |TAMS 0x0000000744700000, 0x0000000744700000| Untracked 
| 926|0x0000000744800000, 0x0000000744800000, 0x0000000744900000|  0%| F|  |TAMS 0x0000000744800000, 0x0000000744800000| Untracked 
| 927|0x0000000744900000, 0x0000000744900000, 0x0000000744a00000|  0%| F|  |TAMS 0x0000000744900000, 0x0000000744900000| Untracked 
| 928|0x0000000744a00000, 0x0000000744a00000, 0x0000000744b00000|  0%| F|  |TAMS 0x0000000744a00000, 0x0000000744a00000| Untracked 
| 929|0x0000000744b00000, 0x0000000744b00000, 0x0000000744c00000|  0%| F|  |TAMS 0x0000000744b00000, 0x0000000744b00000| Untracked 
| 930|0x0000000744c00000, 0x0000000744c00000, 0x0000000744d00000|  0%| F|  |TAMS 0x0000000744c00000, 0x0000000744c00000| Untracked 
| 931|0x0000000744d00000, 0x0000000744d00000, 0x0000000744e00000|  0%| F|  |TAMS 0x0000000744d00000, 0x0000000744d00000| Untracked 
| 932|0x0000000744e00000, 0x0000000744e00000, 0x0000000744f00000|  0%| F|  |TAMS 0x0000000744e00000, 0x0000000744e00000| Untracked 
| 933|0x0000000744f00000, 0x0000000744f00000, 0x0000000745000000|  0%| F|  |TAMS 0x0000000744f00000, 0x0000000744f00000| Untracked 
| 934|0x0000000745000000, 0x0000000745000000, 0x0000000745100000|  0%| F|  |TAMS 0x0000000745000000, 0x0000000745000000| Untracked 
| 935|0x0000000745100000, 0x0000000745100000, 0x0000000745200000|  0%| F|  |TAMS 0x0000000745100000, 0x0000000745100000| Untracked 
| 936|0x0000000745200000, 0x0000000745200000, 0x0000000745300000|  0%| F|  |TAMS 0x0000000745200000, 0x0000000745200000| Untracked 
| 937|0x0000000745300000, 0x0000000745300000, 0x0000000745400000|  0%| F|  |TAMS 0x0000000745300000, 0x0000000745300000| Untracked 
| 938|0x0000000745400000, 0x0000000745400000, 0x0000000745500000|  0%| F|  |TAMS 0x0000000745400000, 0x0000000745400000| Untracked 
| 939|0x0000000745500000, 0x0000000745500000, 0x0000000745600000|  0%| F|  |TAMS 0x0000000745500000, 0x0000000745500000| Untracked 
| 940|0x0000000745600000, 0x0000000745600000, 0x0000000745700000|  0%| F|  |TAMS 0x0000000745600000, 0x0000000745600000| Untracked 
| 941|0x0000000745700000, 0x0000000745700000, 0x0000000745800000|  0%| F|  |TAMS 0x0000000745700000, 0x0000000745700000| Untracked 
| 942|0x0000000745800000, 0x0000000745800000, 0x0000000745900000|  0%| F|  |TAMS 0x0000000745800000, 0x0000000745800000| Untracked 
| 943|0x0000000745900000, 0x0000000745900000, 0x0000000745a00000|  0%| F|  |TAMS 0x0000000745900000, 0x0000000745900000| Untracked 
| 944|0x0000000745a00000, 0x0000000745a00000, 0x0000000745b00000|  0%| F|  |TAMS 0x0000000745a00000, 0x0000000745a00000| Untracked 
| 945|0x0000000745b00000, 0x0000000745b00000, 0x0000000745c00000|  0%| F|  |TAMS 0x0000000745b00000, 0x0000000745b00000| Untracked 
| 946|0x0000000745c00000, 0x0000000745c00000, 0x0000000745d00000|  0%| F|  |TAMS 0x0000000745c00000, 0x0000000745c00000| Untracked 
| 947|0x0000000745d00000, 0x0000000745d00000, 0x0000000745e00000|  0%| F|  |TAMS 0x0000000745d00000, 0x0000000745d00000| Untracked 
| 948|0x0000000745e00000, 0x0000000745e00000, 0x0000000745f00000|  0%| F|  |TAMS 0x0000000745e00000, 0x0000000745e00000| Untracked 
| 949|0x0000000745f00000, 0x0000000745f00000, 0x0000000746000000|  0%| F|  |TAMS 0x0000000745f00000, 0x0000000745f00000| Untracked 
| 950|0x0000000746000000, 0x0000000746000000, 0x0000000746100000|  0%| F|  |TAMS 0x0000000746000000, 0x0000000746000000| Untracked 
| 951|0x0000000746100000, 0x0000000746100000, 0x0000000746200000|  0%| F|  |TAMS 0x0000000746100000, 0x0000000746100000| Untracked 
| 952|0x0000000746200000, 0x0000000746200000, 0x0000000746300000|  0%| F|  |TAMS 0x0000000746200000, 0x0000000746200000| Untracked 
| 953|0x0000000746300000, 0x0000000746300000, 0x0000000746400000|  0%| F|  |TAMS 0x0000000746300000, 0x0000000746300000| Untracked 
| 954|0x0000000746400000, 0x0000000746400000, 0x0000000746500000|  0%| F|  |TAMS 0x0000000746400000, 0x0000000746400000| Untracked 
| 955|0x0000000746500000, 0x0000000746500000, 0x0000000746600000|  0%| F|  |TAMS 0x0000000746500000, 0x0000000746500000| Untracked 
| 956|0x0000000746600000, 0x0000000746600000, 0x0000000746700000|  0%| F|  |TAMS 0x0000000746600000, 0x0000000746600000| Untracked 
| 957|0x0000000746700000, 0x0000000746700000, 0x0000000746800000|  0%| F|  |TAMS 0x0000000746700000, 0x0000000746700000| Untracked 
| 958|0x0000000746800000, 0x0000000746800000, 0x0000000746900000|  0%| F|  |TAMS 0x0000000746800000, 0x0000000746800000| Untracked 
| 959|0x0000000746900000, 0x0000000746900000, 0x0000000746a00000|  0%| F|  |TAMS 0x0000000746900000, 0x0000000746900000| Untracked 
| 960|0x0000000746a00000, 0x0000000746a00000, 0x0000000746b00000|  0%| F|  |TAMS 0x0000000746a00000, 0x0000000746a00000| Untracked 
| 961|0x0000000746b00000, 0x0000000746b00000, 0x0000000746c00000|  0%| F|  |TAMS 0x0000000746b00000, 0x0000000746b00000| Untracked 
| 962|0x0000000746c00000, 0x0000000746c00000, 0x0000000746d00000|  0%| F|  |TAMS 0x0000000746c00000, 0x0000000746c00000| Untracked 
| 963|0x0000000746d00000, 0x0000000746d00000, 0x0000000746e00000|  0%| F|  |TAMS 0x0000000746d00000, 0x0000000746d00000| Untracked 
| 964|0x0000000746e00000, 0x0000000746e00000, 0x0000000746f00000|  0%| F|  |TAMS 0x0000000746e00000, 0x0000000746e00000| Untracked 
| 965|0x0000000746f00000, 0x0000000746f00000, 0x0000000747000000|  0%| F|  |TAMS 0x0000000746f00000, 0x0000000746f00000| Untracked 
| 966|0x0000000747000000, 0x0000000747000000, 0x0000000747100000|  0%| F|  |TAMS 0x0000000747000000, 0x0000000747000000| Untracked 
| 967|0x0000000747100000, 0x0000000747100000, 0x0000000747200000|  0%| F|  |TAMS 0x0000000747100000, 0x0000000747100000| Untracked 
| 968|0x0000000747200000, 0x0000000747200000, 0x0000000747300000|  0%| F|  |TAMS 0x0000000747200000, 0x0000000747200000| Untracked 
| 969|0x0000000747300000, 0x0000000747300000, 0x0000000747400000|  0%| F|  |TAMS 0x0000000747300000, 0x0000000747300000| Untracked 
| 970|0x0000000747400000, 0x0000000747400000, 0x0000000747500000|  0%| F|  |TAMS 0x0000000747400000, 0x0000000747400000| Untracked 
| 971|0x0000000747500000, 0x0000000747500000, 0x0000000747600000|  0%| F|  |TAMS 0x0000000747500000, 0x0000000747500000| Untracked 
| 972|0x0000000747600000, 0x0000000747600000, 0x0000000747700000|  0%| F|  |TAMS 0x0000000747600000, 0x0000000747600000| Untracked 
| 973|0x0000000747700000, 0x0000000747700000, 0x0000000747800000|  0%| F|  |TAMS 0x0000000747700000, 0x0000000747700000| Untracked 
| 974|0x0000000747800000, 0x0000000747800000, 0x0000000747900000|  0%| F|  |TAMS 0x0000000747800000, 0x0000000747800000| Untracked 
| 975|0x0000000747900000, 0x0000000747900000, 0x0000000747a00000|  0%| F|  |TAMS 0x0000000747900000, 0x0000000747900000| Untracked 
| 976|0x0000000747a00000, 0x0000000747a00000, 0x0000000747b00000|  0%| F|  |TAMS 0x0000000747a00000, 0x0000000747a00000| Untracked 
| 977|0x0000000747b00000, 0x0000000747b00000, 0x0000000747c00000|  0%| F|  |TAMS 0x0000000747b00000, 0x0000000747b00000| Untracked 
| 978|0x0000000747c00000, 0x0000000747c00000, 0x0000000747d00000|  0%| F|  |TAMS 0x0000000747c00000, 0x0000000747c00000| Untracked 
| 979|0x0000000747d00000, 0x0000000747d00000, 0x0000000747e00000|  0%| F|  |TAMS 0x0000000747d00000, 0x0000000747d00000| Untracked 
| 980|0x0000000747e00000, 0x0000000747e00000, 0x0000000747f00000|  0%| F|  |TAMS 0x0000000747e00000, 0x0000000747e00000| Untracked 
| 981|0x0000000747f00000, 0x0000000747f00000, 0x0000000748000000|  0%| F|  |TAMS 0x0000000747f00000, 0x0000000747f00000| Untracked 
| 982|0x0000000748000000, 0x0000000748000000, 0x0000000748100000|  0%| F|  |TAMS 0x0000000748000000, 0x0000000748000000| Untracked 
| 983|0x0000000748100000, 0x0000000748100000, 0x0000000748200000|  0%| F|  |TAMS 0x0000000748100000, 0x0000000748100000| Untracked 
| 984|0x0000000748200000, 0x0000000748200000, 0x0000000748300000|  0%| F|  |TAMS 0x0000000748200000, 0x0000000748200000| Untracked 
| 985|0x0000000748300000, 0x0000000748300000, 0x0000000748400000|  0%| F|  |TAMS 0x0000000748300000, 0x0000000748300000| Untracked 
| 986|0x0000000748400000, 0x0000000748400000, 0x0000000748500000|  0%| F|  |TAMS 0x0000000748400000, 0x0000000748400000| Untracked 
| 987|0x0000000748500000, 0x0000000748500000, 0x0000000748600000|  0%| F|  |TAMS 0x0000000748500000, 0x0000000748500000| Untracked 
| 988|0x0000000748600000, 0x0000000748600000, 0x0000000748700000|  0%| F|  |TAMS 0x0000000748600000, 0x0000000748600000| Untracked 
| 989|0x0000000748700000, 0x0000000748700000, 0x0000000748800000|  0%| F|  |TAMS 0x0000000748700000, 0x0000000748700000| Untracked 
| 990|0x0000000748800000, 0x0000000748800000, 0x0000000748900000|  0%| F|  |TAMS 0x0000000748800000, 0x0000000748800000| Untracked 
| 991|0x0000000748900000, 0x0000000748900000, 0x0000000748a00000|  0%| F|  |TAMS 0x0000000748900000, 0x0000000748900000| Untracked 
| 992|0x0000000748a00000, 0x0000000748a00000, 0x0000000748b00000|  0%| F|  |TAMS 0x0000000748a00000, 0x0000000748a00000| Untracked 
| 993|0x0000000748b00000, 0x0000000748b00000, 0x0000000748c00000|  0%| F|  |TAMS 0x0000000748b00000, 0x0000000748b00000| Untracked 
| 994|0x0000000748c00000, 0x0000000748c00000, 0x0000000748d00000|  0%| F|  |TAMS 0x0000000748c00000, 0x0000000748c00000| Untracked 
| 995|0x0000000748d00000, 0x0000000748d00000, 0x0000000748e00000|  0%| F|  |TAMS 0x0000000748d00000, 0x0000000748d00000| Untracked 
| 996|0x0000000748e00000, 0x0000000748e00000, 0x0000000748f00000|  0%| F|  |TAMS 0x0000000748e00000, 0x0000000748e00000| Untracked 
| 997|0x0000000748f00000, 0x0000000748f00000, 0x0000000749000000|  0%| F|  |TAMS 0x0000000748f00000, 0x0000000748f00000| Untracked 
| 998|0x0000000749000000, 0x0000000749000000, 0x0000000749100000|  0%| F|  |TAMS 0x0000000749000000, 0x0000000749000000| Untracked 
| 999|0x0000000749100000, 0x0000000749100000, 0x0000000749200000|  0%| F|  |TAMS 0x0000000749100000, 0x0000000749100000| Untracked 
|1000|0x0000000749200000, 0x0000000749200000, 0x0000000749300000|  0%| F|  |TAMS 0x0000000749200000, 0x0000000749200000| Untracked 
|1001|0x0000000749300000, 0x0000000749300000, 0x0000000749400000|  0%| F|  |TAMS 0x0000000749300000, 0x0000000749300000| Untracked 
|1002|0x0000000749400000, 0x0000000749400000, 0x0000000749500000|  0%| F|  |TAMS 0x0000000749400000, 0x0000000749400000| Untracked 
|1003|0x0000000749500000, 0x0000000749500000, 0x0000000749600000|  0%| F|  |TAMS 0x0000000749500000, 0x0000000749500000| Untracked 
|1004|0x0000000749600000, 0x0000000749600000, 0x0000000749700000|  0%| F|  |TAMS 0x0000000749600000, 0x0000000749600000| Untracked 
|1005|0x0000000749700000, 0x0000000749700000, 0x0000000749800000|  0%| F|  |TAMS 0x0000000749700000, 0x0000000749700000| Untracked 
|1006|0x0000000749800000, 0x0000000749800000, 0x0000000749900000|  0%| F|  |TAMS 0x0000000749800000, 0x0000000749800000| Untracked 
|1007|0x0000000749900000, 0x0000000749900000, 0x0000000749a00000|  0%| F|  |TAMS 0x0000000749900000, 0x0000000749900000| Untracked 
|1008|0x0000000749a00000, 0x0000000749a00000, 0x0000000749b00000|  0%| F|  |TAMS 0x0000000749a00000, 0x0000000749a00000| Untracked 
|1009|0x0000000749b00000, 0x0000000749b00000, 0x0000000749c00000|  0%| F|  |TAMS 0x0000000749b00000, 0x0000000749b00000| Untracked 
|1010|0x0000000749c00000, 0x0000000749c00000, 0x0000000749d00000|  0%| F|  |TAMS 0x0000000749c00000, 0x0000000749c00000| Untracked 
|1011|0x0000000749d00000, 0x0000000749d00000, 0x0000000749e00000|  0%| F|  |TAMS 0x0000000749d00000, 0x0000000749d00000| Untracked 
|1012|0x0000000749e00000, 0x0000000749e00000, 0x0000000749f00000|  0%| F|  |TAMS 0x0000000749e00000, 0x0000000749e00000| Untracked 
|1013|0x0000000749f00000, 0x0000000749f00000, 0x000000074a000000|  0%| F|  |TAMS 0x0000000749f00000, 0x0000000749f00000| Untracked 
|1014|0x000000074a000000, 0x000000074a000000, 0x000000074a100000|  0%| F|  |TAMS 0x000000074a000000, 0x000000074a000000| Untracked 
|1015|0x000000074a100000, 0x000000074a100000, 0x000000074a200000|  0%| F|  |TAMS 0x000000074a100000, 0x000000074a100000| Untracked 
|1016|0x000000074a200000, 0x000000074a200000, 0x000000074a300000|  0%| F|  |TAMS 0x000000074a200000, 0x000000074a200000| Untracked 
|1017|0x000000074a300000, 0x000000074a300000, 0x000000074a400000|  0%| F|  |TAMS 0x000000074a300000, 0x000000074a300000| Untracked 
|1018|0x000000074a400000, 0x000000074a400000, 0x000000074a500000|  0%| F|  |TAMS 0x000000074a400000, 0x000000074a400000| Untracked 
|1019|0x000000074a500000, 0x000000074a500000, 0x000000074a600000|  0%| F|  |TAMS 0x000000074a500000, 0x000000074a500000| Untracked 
|1020|0x000000074a600000, 0x000000074a600000, 0x000000074a700000|  0%| F|  |TAMS 0x000000074a600000, 0x000000074a600000| Untracked 
|1021|0x000000074a700000, 0x000000074a700000, 0x000000074a800000|  0%| F|  |TAMS 0x000000074a700000, 0x000000074a700000| Untracked 
|1022|0x000000074a800000, 0x000000074a800000, 0x000000074a900000|  0%| F|  |TAMS 0x000000074a800000, 0x000000074a800000| Untracked 
|1023|0x000000074a900000, 0x000000074a900000, 0x000000074aa00000|  0%| F|  |TAMS 0x000000074a900000, 0x000000074a900000| Untracked 
|1024|0x000000074aa00000, 0x000000074aa00000, 0x000000074ab00000|  0%| F|  |TAMS 0x000000074aa00000, 0x000000074aa00000| Untracked 
|1025|0x000000074ab00000, 0x000000074ab00000, 0x000000074ac00000|  0%| F|  |TAMS 0x000000074ab00000, 0x000000074ab00000| Untracked 
|1026|0x000000074ac00000, 0x000000074ac00000, 0x000000074ad00000|  0%| F|  |TAMS 0x000000074ac00000, 0x000000074ac00000| Untracked 
|1027|0x000000074ad00000, 0x000000074ad00000, 0x000000074ae00000|  0%| F|  |TAMS 0x000000074ad00000, 0x000000074ad00000| Untracked 
|1028|0x000000074ae00000, 0x000000074ae00000, 0x000000074af00000|  0%| F|  |TAMS 0x000000074ae00000, 0x000000074ae00000| Untracked 
|1029|0x000000074af00000, 0x000000074af00000, 0x000000074b000000|  0%| F|  |TAMS 0x000000074af00000, 0x000000074af00000| Untracked 
|1030|0x000000074b000000, 0x000000074b000000, 0x000000074b100000|  0%| F|  |TAMS 0x000000074b000000, 0x000000074b000000| Untracked 
|1031|0x000000074b100000, 0x000000074b100000, 0x000000074b200000|  0%| F|  |TAMS 0x000000074b100000, 0x000000074b100000| Untracked 
|1032|0x000000074b200000, 0x000000074b200000, 0x000000074b300000|  0%| F|  |TAMS 0x000000074b200000, 0x000000074b200000| Untracked 
|1033|0x000000074b300000, 0x000000074b300000, 0x000000074b400000|  0%| F|  |TAMS 0x000000074b300000, 0x000000074b300000| Untracked 
|1034|0x000000074b400000, 0x000000074b400000, 0x000000074b500000|  0%| F|  |TAMS 0x000000074b400000, 0x000000074b400000| Untracked 
|1035|0x000000074b500000, 0x000000074b500000, 0x000000074b600000|  0%| F|  |TAMS 0x000000074b500000, 0x000000074b500000| Untracked 
|1036|0x000000074b600000, 0x000000074b600000, 0x000000074b700000|  0%| F|  |TAMS 0x000000074b600000, 0x000000074b600000| Untracked 
|1037|0x000000074b700000, 0x000000074b700000, 0x000000074b800000|  0%| F|  |TAMS 0x000000074b700000, 0x000000074b700000| Untracked 
|1038|0x000000074b800000, 0x000000074b800000, 0x000000074b900000|  0%| F|  |TAMS 0x000000074b800000, 0x000000074b800000| Untracked 
|1039|0x000000074b900000, 0x000000074b900000, 0x000000074ba00000|  0%| F|  |TAMS 0x000000074b900000, 0x000000074b900000| Untracked 
|1040|0x000000074ba00000, 0x000000074ba00000, 0x000000074bb00000|  0%| F|  |TAMS 0x000000074ba00000, 0x000000074ba00000| Untracked 
|1041|0x000000074bb00000, 0x000000074bb00000, 0x000000074bc00000|  0%| F|  |TAMS 0x000000074bb00000, 0x000000074bb00000| Untracked 
|1042|0x000000074bc00000, 0x000000074bc00000, 0x000000074bd00000|  0%| F|  |TAMS 0x000000074bc00000, 0x000000074bc00000| Untracked 
|1043|0x000000074bd00000, 0x000000074bd00000, 0x000000074be00000|  0%| F|  |TAMS 0x000000074bd00000, 0x000000074bd00000| Untracked 
|1044|0x000000074be00000, 0x000000074be00000, 0x000000074bf00000|  0%| F|  |TAMS 0x000000074be00000, 0x000000074be00000| Untracked 
|1045|0x000000074bf00000, 0x000000074bf00000, 0x000000074c000000|  0%| F|  |TAMS 0x000000074bf00000, 0x000000074bf00000| Untracked 
|1046|0x000000074c000000, 0x000000074c000000, 0x000000074c100000|  0%| F|  |TAMS 0x000000074c000000, 0x000000074c000000| Untracked 
|1047|0x000000074c100000, 0x000000074c100000, 0x000000074c200000|  0%| F|  |TAMS 0x000000074c100000, 0x000000074c100000| Untracked 
|1048|0x000000074c200000, 0x000000074c200000, 0x000000074c300000|  0%| F|  |TAMS 0x000000074c200000, 0x000000074c200000| Untracked 
|1049|0x000000074c300000, 0x000000074c300000, 0x000000074c400000|  0%| F|  |TAMS 0x000000074c300000, 0x000000074c300000| Untracked 
|1050|0x000000074c400000, 0x000000074c400000, 0x000000074c500000|  0%| F|  |TAMS 0x000000074c400000, 0x000000074c400000| Untracked 
|1051|0x000000074c500000, 0x000000074c500000, 0x000000074c600000|  0%| F|  |TAMS 0x000000074c500000, 0x000000074c500000| Untracked 
|1052|0x000000074c600000, 0x000000074c600000, 0x000000074c700000|  0%| F|  |TAMS 0x000000074c600000, 0x000000074c600000| Untracked 
|1053|0x000000074c700000, 0x000000074c700000, 0x000000074c800000|  0%| F|  |TAMS 0x000000074c700000, 0x000000074c700000| Untracked 
|1054|0x000000074c800000, 0x000000074c800000, 0x000000074c900000|  0%| F|  |TAMS 0x000000074c800000, 0x000000074c800000| Untracked 
|1055|0x000000074c900000, 0x000000074c900000, 0x000000074ca00000|  0%| F|  |TAMS 0x000000074c900000, 0x000000074c900000| Untracked 
|1056|0x000000074ca00000, 0x000000074ca00000, 0x000000074cb00000|  0%| F|  |TAMS 0x000000074ca00000, 0x000000074ca00000| Untracked 
|1057|0x000000074cb00000, 0x000000074cb00000, 0x000000074cc00000|  0%| F|  |TAMS 0x000000074cb00000, 0x000000074cb00000| Untracked 
|1058|0x000000074cc00000, 0x000000074cc00000, 0x000000074cd00000|  0%| F|  |TAMS 0x000000074cc00000, 0x000000074cc00000| Untracked 
|1059|0x000000074cd00000, 0x000000074cd00000, 0x000000074ce00000|  0%| F|  |TAMS 0x000000074cd00000, 0x000000074cd00000| Untracked 
|1060|0x000000074ce00000, 0x000000074ce00000, 0x000000074cf00000|  0%| F|  |TAMS 0x000000074ce00000, 0x000000074ce00000| Untracked 
|1061|0x000000074cf00000, 0x000000074cf00000, 0x000000074d000000|  0%| F|  |TAMS 0x000000074cf00000, 0x000000074cf00000| Untracked 
|1062|0x000000074d000000, 0x000000074d000000, 0x000000074d100000|  0%| F|  |TAMS 0x000000074d000000, 0x000000074d000000| Untracked 
|1063|0x000000074d100000, 0x000000074d100000, 0x000000074d200000|  0%| F|  |TAMS 0x000000074d100000, 0x000000074d100000| Untracked 
|1064|0x000000074d200000, 0x000000074d200000, 0x000000074d300000|  0%| F|  |TAMS 0x000000074d200000, 0x000000074d200000| Untracked 
|1065|0x000000074d300000, 0x000000074d300000, 0x000000074d400000|  0%| F|  |TAMS 0x000000074d300000, 0x000000074d300000| Untracked 
|1066|0x000000074d400000, 0x000000074d400000, 0x000000074d500000|  0%| F|  |TAMS 0x000000074d400000, 0x000000074d400000| Untracked 
|1067|0x000000074d500000, 0x000000074d500000, 0x000000074d600000|  0%| F|  |TAMS 0x000000074d500000, 0x000000074d500000| Untracked 
|1068|0x000000074d600000, 0x000000074d600000, 0x000000074d700000|  0%| F|  |TAMS 0x000000074d600000, 0x000000074d600000| Untracked 
|1069|0x000000074d700000, 0x000000074d700000, 0x000000074d800000|  0%| F|  |TAMS 0x000000074d700000, 0x000000074d700000| Untracked 
|1070|0x000000074d800000, 0x000000074d800000, 0x000000074d900000|  0%| F|  |TAMS 0x000000074d800000, 0x000000074d800000| Untracked 
|1071|0x000000074d900000, 0x000000074d900000, 0x000000074da00000|  0%| F|  |TAMS 0x000000074d900000, 0x000000074d900000| Untracked 
|1072|0x000000074da00000, 0x000000074da00000, 0x000000074db00000|  0%| F|  |TAMS 0x000000074da00000, 0x000000074da00000| Untracked 
|1073|0x000000074db00000, 0x000000074db00000, 0x000000074dc00000|  0%| F|  |TAMS 0x000000074db00000, 0x000000074db00000| Untracked 
|1074|0x000000074dc00000, 0x000000074dc00000, 0x000000074dd00000|  0%| F|  |TAMS 0x000000074dc00000, 0x000000074dc00000| Untracked 
|1075|0x000000074dd00000, 0x000000074dd00000, 0x000000074de00000|  0%| F|  |TAMS 0x000000074dd00000, 0x000000074dd00000| Untracked 
|1076|0x000000074de00000, 0x000000074de00000, 0x000000074df00000|  0%| F|  |TAMS 0x000000074de00000, 0x000000074de00000| Untracked 
|1077|0x000000074df00000, 0x000000074df00000, 0x000000074e000000|  0%| F|  |TAMS 0x000000074df00000, 0x000000074df00000| Untracked 
|1078|0x000000074e000000, 0x000000074e000000, 0x000000074e100000|  0%| F|  |TAMS 0x000000074e000000, 0x000000074e000000| Untracked 
|1079|0x000000074e100000, 0x000000074e100000, 0x000000074e200000|  0%| F|  |TAMS 0x000000074e100000, 0x000000074e100000| Untracked 
|1080|0x000000074e200000, 0x000000074e200000, 0x000000074e300000|  0%| F|  |TAMS 0x000000074e200000, 0x000000074e200000| Untracked 
|1081|0x000000074e300000, 0x000000074e300000, 0x000000074e400000|  0%| F|  |TAMS 0x000000074e300000, 0x000000074e300000| Untracked 
|1082|0x000000074e400000, 0x000000074e400000, 0x000000074e500000|  0%| F|  |TAMS 0x000000074e400000, 0x000000074e400000| Untracked 
|1083|0x000000074e500000, 0x000000074e500000, 0x000000074e600000|  0%| F|  |TAMS 0x000000074e500000, 0x000000074e500000| Untracked 
|1084|0x000000074e600000, 0x000000074e600000, 0x000000074e700000|  0%| F|  |TAMS 0x000000074e600000, 0x000000074e600000| Untracked 
|1085|0x000000074e700000, 0x000000074e700000, 0x000000074e800000|  0%| F|  |TAMS 0x000000074e700000, 0x000000074e700000| Untracked 
|1086|0x000000074e800000, 0x000000074e800000, 0x000000074e900000|  0%| F|  |TAMS 0x000000074e800000, 0x000000074e800000| Untracked 
|1087|0x000000074e900000, 0x000000074e900000, 0x000000074ea00000|  0%| F|  |TAMS 0x000000074e900000, 0x000000074e900000| Untracked 
|1088|0x000000074ea00000, 0x000000074ea00000, 0x000000074eb00000|  0%| F|  |TAMS 0x000000074ea00000, 0x000000074ea00000| Untracked 
|1089|0x000000074eb00000, 0x000000074eb00000, 0x000000074ec00000|  0%| F|  |TAMS 0x000000074eb00000, 0x000000074eb00000| Untracked 
|1090|0x000000074ec00000, 0x000000074ec80000, 0x000000074ed00000| 50%| S|CS|TAMS 0x000000074ec00000, 0x000000074ec00000| Complete 
|1091|0x000000074ed00000, 0x000000074ee00000, 0x000000074ee00000|100%| S|CS|TAMS 0x000000074ed00000, 0x000000074ed00000| Complete 
|1092|0x000000074ee00000, 0x000000074ef00000, 0x000000074ef00000|100%| S|CS|TAMS 0x000000074ee00000, 0x000000074ee00000| Complete 
|1093|0x000000074ef00000, 0x000000074f000000, 0x000000074f000000|100%| S|CS|TAMS 0x000000074ef00000, 0x000000074ef00000| Complete 
|1094|0x000000074f000000, 0x000000074f000000, 0x000000074f100000|  0%| F|  |TAMS 0x000000074f000000, 0x000000074f000000| Untracked 
|1095|0x000000074f100000, 0x000000074f100000, 0x000000074f200000|  0%| F|  |TAMS 0x000000074f100000, 0x000000074f100000| Untracked 
|1096|0x000000074f200000, 0x000000074f200000, 0x000000074f300000|  0%| F|  |TAMS 0x000000074f200000, 0x000000074f200000| Untracked 
|1097|0x000000074f300000, 0x000000074f300000, 0x000000074f400000|  0%| F|  |TAMS 0x000000074f300000, 0x000000074f300000| Untracked 
|1098|0x000000074f400000, 0x000000074f400000, 0x000000074f500000|  0%| F|  |TAMS 0x000000074f400000, 0x000000074f400000| Untracked 
|1099|0x000000074f500000, 0x000000074f500000, 0x000000074f600000|  0%| F|  |TAMS 0x000000074f500000, 0x000000074f500000| Untracked 
|1100|0x000000074f600000, 0x000000074f600000, 0x000000074f700000|  0%| F|  |TAMS 0x000000074f600000, 0x000000074f600000| Untracked 
|1101|0x000000074f700000, 0x000000074f700000, 0x000000074f800000|  0%| F|  |TAMS 0x000000074f700000, 0x000000074f700000| Untracked 
|1102|0x000000074f800000, 0x000000074f800000, 0x000000074f900000|  0%| F|  |TAMS 0x000000074f800000, 0x000000074f800000| Untracked 
|1103|0x000000074f900000, 0x000000074f900000, 0x000000074fa00000|  0%| F|  |TAMS 0x000000074f900000, 0x000000074f900000| Untracked 
|1104|0x000000074fa00000, 0x000000074fa00000, 0x000000074fb00000|  0%| F|  |TAMS 0x000000074fa00000, 0x000000074fa00000| Untracked 
|1105|0x000000074fb00000, 0x000000074fb00000, 0x000000074fc00000|  0%| F|  |TAMS 0x000000074fb00000, 0x000000074fb00000| Untracked 
|1106|0x000000074fc00000, 0x000000074fc00000, 0x000000074fd00000|  0%| F|  |TAMS 0x000000074fc00000, 0x000000074fc00000| Untracked 
|1107|0x000000074fd00000, 0x000000074fd00000, 0x000000074fe00000|  0%| F|  |TAMS 0x000000074fd00000, 0x000000074fd00000| Untracked 
|1108|0x000000074fe00000, 0x000000074fe00000, 0x000000074ff00000|  0%| F|  |TAMS 0x000000074fe00000, 0x000000074fe00000| Untracked 
|1109|0x000000074ff00000, 0x000000074ff00000, 0x0000000750000000|  0%| F|  |TAMS 0x000000074ff00000, 0x000000074ff00000| Untracked 
|1110|0x0000000750000000, 0x0000000750000000, 0x0000000750100000|  0%| F|  |TAMS 0x0000000750000000, 0x0000000750000000| Untracked 
|1111|0x0000000750100000, 0x0000000750100000, 0x0000000750200000|  0%| F|  |TAMS 0x0000000750100000, 0x0000000750100000| Untracked 
|1112|0x0000000750200000, 0x0000000750200000, 0x0000000750300000|  0%| F|  |TAMS 0x0000000750200000, 0x0000000750200000| Untracked 
|1113|0x0000000750300000, 0x0000000750300000, 0x0000000750400000|  0%| F|  |TAMS 0x0000000750300000, 0x0000000750300000| Untracked 
|1114|0x0000000750400000, 0x0000000750400000, 0x0000000750500000|  0%| F|  |TAMS 0x0000000750400000, 0x0000000750400000| Untracked 
|1115|0x0000000750500000, 0x0000000750500000, 0x0000000750600000|  0%| F|  |TAMS 0x0000000750500000, 0x0000000750500000| Untracked 
|1116|0x0000000750600000, 0x0000000750600000, 0x0000000750700000|  0%| F|  |TAMS 0x0000000750600000, 0x0000000750600000| Untracked 
|1117|0x0000000750700000, 0x0000000750700000, 0x0000000750800000|  0%| F|  |TAMS 0x0000000750700000, 0x0000000750700000| Untracked 
|1118|0x0000000750800000, 0x0000000750800000, 0x0000000750900000|  0%| F|  |TAMS 0x0000000750800000, 0x0000000750800000| Untracked 
|1119|0x0000000750900000, 0x0000000750900000, 0x0000000750a00000|  0%| F|  |TAMS 0x0000000750900000, 0x0000000750900000| Untracked 
|1120|0x0000000750a00000, 0x0000000750a00000, 0x0000000750b00000|  0%| F|  |TAMS 0x0000000750a00000, 0x0000000750a00000| Untracked 
|1121|0x0000000750b00000, 0x0000000750b00000, 0x0000000750c00000|  0%| F|  |TAMS 0x0000000750b00000, 0x0000000750b00000| Untracked 
|1122|0x0000000750c00000, 0x0000000750c00000, 0x0000000750d00000|  0%| F|  |TAMS 0x0000000750c00000, 0x0000000750c00000| Untracked 
|1123|0x0000000750d00000, 0x0000000750d00000, 0x0000000750e00000|  0%| F|  |TAMS 0x0000000750d00000, 0x0000000750d00000| Untracked 
|1124|0x0000000750e00000, 0x0000000750e00000, 0x0000000750f00000|  0%| F|  |TAMS 0x0000000750e00000, 0x0000000750e00000| Untracked 
|1125|0x0000000750f00000, 0x0000000750f00000, 0x0000000751000000|  0%| F|  |TAMS 0x0000000750f00000, 0x0000000750f00000| Untracked 
|1126|0x0000000751000000, 0x0000000751000000, 0x0000000751100000|  0%| F|  |TAMS 0x0000000751000000, 0x0000000751000000| Untracked 
|1127|0x0000000751100000, 0x0000000751100000, 0x0000000751200000|  0%| F|  |TAMS 0x0000000751100000, 0x0000000751100000| Untracked 
|1128|0x0000000751200000, 0x0000000751200000, 0x0000000751300000|  0%| F|  |TAMS 0x0000000751200000, 0x0000000751200000| Untracked 
|1129|0x0000000751300000, 0x0000000751300000, 0x0000000751400000|  0%| F|  |TAMS 0x0000000751300000, 0x0000000751300000| Untracked 
|1130|0x0000000751400000, 0x0000000751400000, 0x0000000751500000|  0%| F|  |TAMS 0x0000000751400000, 0x0000000751400000| Untracked 
|1131|0x0000000751500000, 0x0000000751500000, 0x0000000751600000|  0%| F|  |TAMS 0x0000000751500000, 0x0000000751500000| Untracked 
|1132|0x0000000751600000, 0x0000000751600000, 0x0000000751700000|  0%| F|  |TAMS 0x0000000751600000, 0x0000000751600000| Untracked 
|1133|0x0000000751700000, 0x0000000751700000, 0x0000000751800000|  0%| F|  |TAMS 0x0000000751700000, 0x0000000751700000| Untracked 
|1134|0x0000000751800000, 0x0000000751800000, 0x0000000751900000|  0%| F|  |TAMS 0x0000000751800000, 0x0000000751800000| Untracked 
|1135|0x0000000751900000, 0x0000000751900000, 0x0000000751a00000|  0%| F|  |TAMS 0x0000000751900000, 0x0000000751900000| Untracked 
|1136|0x0000000751a00000, 0x0000000751a00000, 0x0000000751b00000|  0%| F|  |TAMS 0x0000000751a00000, 0x0000000751a00000| Untracked 
|1137|0x0000000751b00000, 0x0000000751b00000, 0x0000000751c00000|  0%| F|  |TAMS 0x0000000751b00000, 0x0000000751b00000| Untracked 
|1138|0x0000000751c00000, 0x0000000751c00000, 0x0000000751d00000|  0%| F|  |TAMS 0x0000000751c00000, 0x0000000751c00000| Untracked 
|1139|0x0000000751d00000, 0x0000000751d00000, 0x0000000751e00000|  0%| F|  |TAMS 0x0000000751d00000, 0x0000000751d00000| Untracked 
|1140|0x0000000751e00000, 0x0000000751e00000, 0x0000000751f00000|  0%| F|  |TAMS 0x0000000751e00000, 0x0000000751e00000| Untracked 
|1141|0x0000000751f00000, 0x0000000751f00000, 0x0000000752000000|  0%| F|  |TAMS 0x0000000751f00000, 0x0000000751f00000| Untracked 
|1142|0x0000000752000000, 0x0000000752000000, 0x0000000752100000|  0%| F|  |TAMS 0x0000000752000000, 0x0000000752000000| Untracked 
|1143|0x0000000752100000, 0x0000000752100000, 0x0000000752200000|  0%| F|  |TAMS 0x0000000752100000, 0x0000000752100000| Untracked 
|1144|0x0000000752200000, 0x0000000752200000, 0x0000000752300000|  0%| F|  |TAMS 0x0000000752200000, 0x0000000752200000| Untracked 
|1145|0x0000000752300000, 0x0000000752300000, 0x0000000752400000|  0%| F|  |TAMS 0x0000000752300000, 0x0000000752300000| Untracked 
|1146|0x0000000752400000, 0x0000000752400000, 0x0000000752500000|  0%| F|  |TAMS 0x0000000752400000, 0x0000000752400000| Untracked 
|1147|0x0000000752500000, 0x0000000752500000, 0x0000000752600000|  0%| F|  |TAMS 0x0000000752500000, 0x0000000752500000| Untracked 
|1148|0x0000000752600000, 0x0000000752600000, 0x0000000752700000|  0%| F|  |TAMS 0x0000000752600000, 0x0000000752600000| Untracked 
|1149|0x0000000752700000, 0x0000000752700000, 0x0000000752800000|  0%| F|  |TAMS 0x0000000752700000, 0x0000000752700000| Untracked 
|1150|0x0000000752800000, 0x0000000752800000, 0x0000000752900000|  0%| F|  |TAMS 0x0000000752800000, 0x0000000752800000| Untracked 
|1151|0x0000000752900000, 0x0000000752900000, 0x0000000752a00000|  0%| F|  |TAMS 0x0000000752900000, 0x0000000752900000| Untracked 
|1152|0x0000000752a00000, 0x0000000752b00000, 0x0000000752b00000|100%| S|CS|TAMS 0x0000000752a00000, 0x0000000752a00000| Complete 
|1153|0x0000000752b00000, 0x0000000752c00000, 0x0000000752c00000|100%| S|CS|TAMS 0x0000000752b00000, 0x0000000752b00000| Complete 
|1154|0x0000000752c00000, 0x0000000752d00000, 0x0000000752d00000|100%| S|CS|TAMS 0x0000000752c00000, 0x0000000752c00000| Complete 
|1155|0x0000000752d00000, 0x0000000752e00000, 0x0000000752e00000|100%| S|CS|TAMS 0x0000000752d00000, 0x0000000752d00000| Complete 
|1156|0x0000000752e00000, 0x0000000752f00000, 0x0000000752f00000|100%| S|CS|TAMS 0x0000000752e00000, 0x0000000752e00000| Complete 
|1157|0x0000000752f00000, 0x0000000753000000, 0x0000000753000000|100%| S|CS|TAMS 0x0000000752f00000, 0x0000000752f00000| Complete 
|1158|0x0000000753000000, 0x0000000753100000, 0x0000000753100000|100%| S|CS|TAMS 0x0000000753000000, 0x0000000753000000| Complete 
|1159|0x0000000753100000, 0x0000000753200000, 0x0000000753200000|100%| S|CS|TAMS 0x0000000753100000, 0x0000000753100000| Complete 
|1160|0x0000000753200000, 0x0000000753300000, 0x0000000753300000|100%| S|CS|TAMS 0x0000000753200000, 0x0000000753200000| Complete 
|1161|0x0000000753300000, 0x0000000753400000, 0x0000000753400000|100%| S|CS|TAMS 0x0000000753300000, 0x0000000753300000| Complete 
|1162|0x0000000753400000, 0x0000000753500000, 0x0000000753500000|100%| S|CS|TAMS 0x0000000753400000, 0x0000000753400000| Complete 
|1163|0x0000000753500000, 0x0000000753600000, 0x0000000753600000|100%| S|CS|TAMS 0x0000000753500000, 0x0000000753500000| Complete 
|1164|0x0000000753600000, 0x0000000753700000, 0x0000000753700000|100%| S|CS|TAMS 0x0000000753600000, 0x0000000753600000| Complete 
|1165|0x0000000753700000, 0x0000000753800000, 0x0000000753800000|100%| S|CS|TAMS 0x0000000753700000, 0x0000000753700000| Complete 
|1166|0x0000000753800000, 0x0000000753900000, 0x0000000753900000|100%| S|CS|TAMS 0x0000000753800000, 0x0000000753800000| Complete 
|1167|0x0000000753900000, 0x0000000753a00000, 0x0000000753a00000|100%| S|CS|TAMS 0x0000000753900000, 0x0000000753900000| Complete 
|1168|0x0000000753a00000, 0x0000000753b00000, 0x0000000753b00000|100%| S|CS|TAMS 0x0000000753a00000, 0x0000000753a00000| Complete 
|1169|0x0000000753b00000, 0x0000000753c00000, 0x0000000753c00000|100%| S|CS|TAMS 0x0000000753b00000, 0x0000000753b00000| Complete 
|1170|0x0000000753c00000, 0x0000000753d00000, 0x0000000753d00000|100%| S|CS|TAMS 0x0000000753c00000, 0x0000000753c00000| Complete 
|1171|0x0000000753d00000, 0x0000000753e00000, 0x0000000753e00000|100%| S|CS|TAMS 0x0000000753d00000, 0x0000000753d00000| Complete 
|1172|0x0000000753e00000, 0x0000000753f00000, 0x0000000753f00000|100%| S|CS|TAMS 0x0000000753e00000, 0x0000000753e00000| Complete 
|1173|0x0000000753f00000, 0x0000000754000000, 0x0000000754000000|100%| S|CS|TAMS 0x0000000753f00000, 0x0000000753f00000| Complete 
|1174|0x0000000754000000, 0x0000000754100000, 0x0000000754100000|100%| S|CS|TAMS 0x0000000754000000, 0x0000000754000000| Complete 
|1175|0x0000000754100000, 0x0000000754200000, 0x0000000754200000|100%| S|CS|TAMS 0x0000000754100000, 0x0000000754100000| Complete 
|1176|0x0000000754200000, 0x0000000754300000, 0x0000000754300000|100%| S|CS|TAMS 0x0000000754200000, 0x0000000754200000| Complete 
|1177|0x0000000754300000, 0x0000000754400000, 0x0000000754400000|100%| S|CS|TAMS 0x0000000754300000, 0x0000000754300000| Complete 
|1178|0x0000000754400000, 0x0000000754500000, 0x0000000754500000|100%| S|CS|TAMS 0x0000000754400000, 0x0000000754400000| Complete 
|1179|0x0000000754500000, 0x0000000754600000, 0x0000000754600000|100%| S|CS|TAMS 0x0000000754500000, 0x0000000754500000| Complete 
|1180|0x0000000754600000, 0x0000000754700000, 0x0000000754700000|100%| S|CS|TAMS 0x0000000754600000, 0x0000000754600000| Complete 
|1181|0x0000000754700000, 0x0000000754800000, 0x0000000754800000|100%| S|CS|TAMS 0x0000000754700000, 0x0000000754700000| Complete 
|1182|0x0000000754800000, 0x0000000754900000, 0x0000000754900000|100%| S|CS|TAMS 0x0000000754800000, 0x0000000754800000| Complete 
|1183|0x0000000754900000, 0x0000000754a00000, 0x0000000754a00000|100%| S|CS|TAMS 0x0000000754900000, 0x0000000754900000| Complete 
|1184|0x0000000754a00000, 0x0000000754b00000, 0x0000000754b00000|100%| S|CS|TAMS 0x0000000754a00000, 0x0000000754a00000| Complete 
|1185|0x0000000754b00000, 0x0000000754c00000, 0x0000000754c00000|100%| S|CS|TAMS 0x0000000754b00000, 0x0000000754b00000| Complete 
|1186|0x0000000754c00000, 0x0000000754d00000, 0x0000000754d00000|100%| S|CS|TAMS 0x0000000754c00000, 0x0000000754c00000| Complete 
|1187|0x0000000754d00000, 0x0000000754e00000, 0x0000000754e00000|100%| S|CS|TAMS 0x0000000754d00000, 0x0000000754d00000| Complete 
|1188|0x0000000754e00000, 0x0000000754f00000, 0x0000000754f00000|100%| S|CS|TAMS 0x0000000754e00000, 0x0000000754e00000| Complete 
|1189|0x0000000754f00000, 0x0000000755000000, 0x0000000755000000|100%| S|CS|TAMS 0x0000000754f00000, 0x0000000754f00000| Complete 
|1190|0x0000000755000000, 0x0000000755100000, 0x0000000755100000|100%| S|CS|TAMS 0x0000000755000000, 0x0000000755000000| Complete 
|1191|0x0000000755100000, 0x0000000755200000, 0x0000000755200000|100%| S|CS|TAMS 0x0000000755100000, 0x0000000755100000| Complete 
|1192|0x0000000755200000, 0x0000000755300000, 0x0000000755300000|100%| S|CS|TAMS 0x0000000755200000, 0x0000000755200000| Complete 
|1193|0x0000000755300000, 0x0000000755400000, 0x0000000755400000|100%| S|CS|TAMS 0x0000000755300000, 0x0000000755300000| Complete 
|1194|0x0000000755400000, 0x0000000755500000, 0x0000000755500000|100%| S|CS|TAMS 0x0000000755400000, 0x0000000755400000| Complete 
|1195|0x0000000755500000, 0x0000000755600000, 0x0000000755600000|100%| S|CS|TAMS 0x0000000755500000, 0x0000000755500000| Complete 
|1196|0x0000000755600000, 0x0000000755700000, 0x0000000755700000|100%| S|CS|TAMS 0x0000000755600000, 0x0000000755600000| Complete 
|1197|0x0000000755700000, 0x0000000755800000, 0x0000000755800000|100%| S|CS|TAMS 0x0000000755700000, 0x0000000755700000| Complete 
|1198|0x0000000755800000, 0x0000000755900000, 0x0000000755900000|100%| S|CS|TAMS 0x0000000755800000, 0x0000000755800000| Complete 
|1199|0x0000000755900000, 0x0000000755a00000, 0x0000000755a00000|100%| S|CS|TAMS 0x0000000755900000, 0x0000000755900000| Complete 
|1200|0x0000000755a00000, 0x0000000755b00000, 0x0000000755b00000|100%| S|CS|TAMS 0x0000000755a00000, 0x0000000755a00000| Complete 
|1201|0x0000000755b00000, 0x0000000755c00000, 0x0000000755c00000|100%| S|CS|TAMS 0x0000000755b00000, 0x0000000755b00000| Complete 
|1202|0x0000000755c00000, 0x0000000755d00000, 0x0000000755d00000|100%| S|CS|TAMS 0x0000000755c00000, 0x0000000755c00000| Complete 
|1203|0x0000000755d00000, 0x0000000755e00000, 0x0000000755e00000|100%| S|CS|TAMS 0x0000000755d00000, 0x0000000755d00000| Complete 
|1204|0x0000000755e00000, 0x0000000755f00000, 0x0000000755f00000|100%| S|CS|TAMS 0x0000000755e00000, 0x0000000755e00000| Complete 
|1205|0x0000000755f00000, 0x0000000756000000, 0x0000000756000000|100%| S|CS|TAMS 0x0000000755f00000, 0x0000000755f00000| Complete 
|1206|0x0000000756000000, 0x0000000756100000, 0x0000000756100000|100%| S|CS|TAMS 0x0000000756000000, 0x0000000756000000| Complete 
|1207|0x0000000756100000, 0x0000000756100000, 0x0000000756200000|  0%| F|  |TAMS 0x0000000756100000, 0x0000000756100000| Untracked 
|1208|0x0000000756200000, 0x0000000756200000, 0x0000000756300000|  0%| F|  |TAMS 0x0000000756200000, 0x0000000756200000| Untracked 
|1209|0x0000000756300000, 0x0000000756300000, 0x0000000756400000|  0%| F|  |TAMS 0x0000000756300000, 0x0000000756300000| Untracked 
|1210|0x0000000756400000, 0x0000000756400000, 0x0000000756500000|  0%| F|  |TAMS 0x0000000756400000, 0x0000000756400000| Untracked 
|1211|0x0000000756500000, 0x0000000756500000, 0x0000000756600000|  0%| F|  |TAMS 0x0000000756500000, 0x0000000756500000| Untracked 
|1212|0x0000000756600000, 0x0000000756600000, 0x0000000756700000|  0%| F|  |TAMS 0x0000000756600000, 0x0000000756600000| Untracked 
|1213|0x0000000756700000, 0x0000000756700000, 0x0000000756800000|  0%| F|  |TAMS 0x0000000756700000, 0x0000000756700000| Untracked 
|1214|0x0000000756800000, 0x0000000756800000, 0x0000000756900000|  0%| F|  |TAMS 0x0000000756800000, 0x0000000756800000| Untracked 
|1215|0x0000000756900000, 0x0000000756900000, 0x0000000756a00000|  0%| F|  |TAMS 0x0000000756900000, 0x0000000756900000| Untracked 
|1216|0x0000000756a00000, 0x0000000756a00000, 0x0000000756b00000|  0%| F|  |TAMS 0x0000000756a00000, 0x0000000756a00000| Untracked 
|1217|0x0000000756b00000, 0x0000000756b00000, 0x0000000756c00000|  0%| F|  |TAMS 0x0000000756b00000, 0x0000000756b00000| Untracked 
|1218|0x0000000756c00000, 0x0000000756c00000, 0x0000000756d00000|  0%| F|  |TAMS 0x0000000756c00000, 0x0000000756c00000| Untracked 
|1219|0x0000000756d00000, 0x0000000756d00000, 0x0000000756e00000|  0%| F|  |TAMS 0x0000000756d00000, 0x0000000756d00000| Untracked 
|1220|0x0000000756e00000, 0x0000000756e00000, 0x0000000756f00000|  0%| F|  |TAMS 0x0000000756e00000, 0x0000000756e00000| Untracked 
|1221|0x0000000756f00000, 0x0000000756f00000, 0x0000000757000000|  0%| F|  |TAMS 0x0000000756f00000, 0x0000000756f00000| Untracked 
|1222|0x0000000757000000, 0x0000000757000000, 0x0000000757100000|  0%| F|  |TAMS 0x0000000757000000, 0x0000000757000000| Untracked 
|1223|0x0000000757100000, 0x0000000757100000, 0x0000000757200000|  0%| F|  |TAMS 0x0000000757100000, 0x0000000757100000| Untracked 
|1224|0x0000000757200000, 0x0000000757200000, 0x0000000757300000|  0%| F|  |TAMS 0x0000000757200000, 0x0000000757200000| Untracked 
|1225|0x0000000757300000, 0x0000000757300000, 0x0000000757400000|  0%| F|  |TAMS 0x0000000757300000, 0x0000000757300000| Untracked 
|1226|0x0000000757400000, 0x0000000757400000, 0x0000000757500000|  0%| F|  |TAMS 0x0000000757400000, 0x0000000757400000| Untracked 
|1227|0x0000000757500000, 0x0000000757500000, 0x0000000757600000|  0%| F|  |TAMS 0x0000000757500000, 0x0000000757500000| Untracked 
|1228|0x0000000757600000, 0x0000000757600000, 0x0000000757700000|  0%| F|  |TAMS 0x0000000757600000, 0x0000000757600000| Untracked 
|1229|0x0000000757700000, 0x0000000757700000, 0x0000000757800000|  0%| F|  |TAMS 0x0000000757700000, 0x0000000757700000| Untracked 
|1230|0x0000000757800000, 0x0000000757800000, 0x0000000757900000|  0%| F|  |TAMS 0x0000000757800000, 0x0000000757800000| Untracked 
|1231|0x0000000757900000, 0x0000000757900000, 0x0000000757a00000|  0%| F|  |TAMS 0x0000000757900000, 0x0000000757900000| Untracked 
|1232|0x0000000757a00000, 0x0000000757a00000, 0x0000000757b00000|  0%| F|  |TAMS 0x0000000757a00000, 0x0000000757a00000| Untracked 
|1233|0x0000000757b00000, 0x0000000757b00000, 0x0000000757c00000|  0%| F|  |TAMS 0x0000000757b00000, 0x0000000757b00000| Untracked 
|1234|0x0000000757c00000, 0x0000000757c00000, 0x0000000757d00000|  0%| F|  |TAMS 0x0000000757c00000, 0x0000000757c00000| Untracked 
|1235|0x0000000757d00000, 0x0000000757d00000, 0x0000000757e00000|  0%| F|  |TAMS 0x0000000757d00000, 0x0000000757d00000| Untracked 
|1236|0x0000000757e00000, 0x0000000757e00000, 0x0000000757f00000|  0%| F|  |TAMS 0x0000000757e00000, 0x0000000757e00000| Untracked 
|1237|0x0000000757f00000, 0x0000000757f00000, 0x0000000758000000|  0%| F|  |TAMS 0x0000000757f00000, 0x0000000757f00000| Untracked 
|1238|0x0000000758000000, 0x0000000758000000, 0x0000000758100000|  0%| F|  |TAMS 0x0000000758000000, 0x0000000758000000| Untracked 
|1239|0x0000000758100000, 0x0000000758100000, 0x0000000758200000|  0%| F|  |TAMS 0x0000000758100000, 0x0000000758100000| Untracked 
|1240|0x0000000758200000, 0x0000000758200000, 0x0000000758300000|  0%| F|  |TAMS 0x0000000758200000, 0x0000000758200000| Untracked 
|1241|0x0000000758300000, 0x0000000758300000, 0x0000000758400000|  0%| F|  |TAMS 0x0000000758300000, 0x0000000758300000| Untracked 
|1242|0x0000000758400000, 0x0000000758400000, 0x0000000758500000|  0%| F|  |TAMS 0x0000000758400000, 0x0000000758400000| Untracked 
|1243|0x0000000758500000, 0x0000000758500000, 0x0000000758600000|  0%| F|  |TAMS 0x0000000758500000, 0x0000000758500000| Untracked 
|1244|0x0000000758600000, 0x0000000758600000, 0x0000000758700000|  0%| F|  |TAMS 0x0000000758600000, 0x0000000758600000| Untracked 
|1245|0x0000000758700000, 0x0000000758700000, 0x0000000758800000|  0%| F|  |TAMS 0x0000000758700000, 0x0000000758700000| Untracked 
|1246|0x0000000758800000, 0x0000000758800000, 0x0000000758900000|  0%| F|  |TAMS 0x0000000758800000, 0x0000000758800000| Untracked 
|1247|0x0000000758900000, 0x0000000758900000, 0x0000000758a00000|  0%| F|  |TAMS 0x0000000758900000, 0x0000000758900000| Untracked 
|1248|0x0000000758a00000, 0x0000000758a00000, 0x0000000758b00000|  0%| F|  |TAMS 0x0000000758a00000, 0x0000000758a00000| Untracked 
|1249|0x0000000758b00000, 0x0000000758b00000, 0x0000000758c00000|  0%| F|  |TAMS 0x0000000758b00000, 0x0000000758b00000| Untracked 
|1250|0x0000000758c00000, 0x0000000758c00000, 0x0000000758d00000|  0%| F|  |TAMS 0x0000000758c00000, 0x0000000758c00000| Untracked 
|1251|0x0000000758d00000, 0x0000000758d00000, 0x0000000758e00000|  0%| F|  |TAMS 0x0000000758d00000, 0x0000000758d00000| Untracked 
|1252|0x0000000758e00000, 0x0000000758e00000, 0x0000000758f00000|  0%| F|  |TAMS 0x0000000758e00000, 0x0000000758e00000| Untracked 
|1253|0x0000000758f00000, 0x0000000758f00000, 0x0000000759000000|  0%| F|  |TAMS 0x0000000758f00000, 0x0000000758f00000| Untracked 
|1254|0x0000000759000000, 0x0000000759000000, 0x0000000759100000|  0%| F|  |TAMS 0x0000000759000000, 0x0000000759000000| Untracked 
|1255|0x0000000759100000, 0x0000000759100000, 0x0000000759200000|  0%| F|  |TAMS 0x0000000759100000, 0x0000000759100000| Untracked 
|1256|0x0000000759200000, 0x0000000759200000, 0x0000000759300000|  0%| F|  |TAMS 0x0000000759200000, 0x0000000759200000| Untracked 
|1257|0x0000000759300000, 0x0000000759300000, 0x0000000759400000|  0%| F|  |TAMS 0x0000000759300000, 0x0000000759300000| Untracked 
|1258|0x0000000759400000, 0x0000000759400000, 0x0000000759500000|  0%| F|  |TAMS 0x0000000759400000, 0x0000000759400000| Untracked 

Card table byte_map: [0x000001b175560000,0x000001b175d10000] _byte_map_base: 0x000001b171d0b000

Marking Bits (Prev, Next): (CMBitMap*) 0x000001b16af7bc28, (CMBitMap*) 0x000001b16af7bc60
 Prev Bits: [0x000001b1764c0000, 0x000001b17a218000)
 Next Bits: [0x000001b17a220000, 0x000001b17df78000)

Polling page: 0x000001b1696a0000

Metaspace:

Usage:
  Non-class:     76.44 MB capacity,    74.40 MB ( 97%) used,     1.84 MB (  2%) free+waste,   198.13 KB ( <1%) overhead. 
      Class:     10.21 MB capacity,     8.73 MB ( 86%) used,     1.39 MB ( 14%) free+waste,    85.19 KB ( <1%) overhead. 
       Both:     86.65 MB capacity,    83.14 MB ( 96%) used,     3.23 MB (  4%) free+waste,   283.31 KB ( <1%) overhead. 

Virtual space:
  Non-class space:       80.00 MB reserved,      79.88 MB (>99%) committed 
      Class space:        1.00 GB reserved,      11.75 MB (  1%) committed 
             Both:        1.08 GB reserved,      91.63 MB (  8%) committed 

Chunk freelists:
   Non-Class:  3.31 MB
       Class:  1.54 MB
        Both:  4.86 MB

MaxMetaspaceSize: 17179869184.00 GB
CompressedClassSpaceSize: 1.00 GB
Initial GC threshold: 20.80 MB
Current GC threshold: 152.71 MB
CDS: off

CodeHeap 'non-profiled nmethods': size=119168Kb used=21842Kb max_used=21842Kb free=97325Kb
 bounds [0x000001b107ba0000, 0x000001b109100000, 0x000001b10f000000]
CodeHeap 'profiled nmethods': size=119168Kb used=42915Kb max_used=42915Kb free=76252Kb
 bounds [0x000001b100740000, 0x000001b103140000, 0x000001b107ba0000]
CodeHeap 'non-nmethods': size=7424Kb used=1690Kb max_used=3528Kb free=5733Kb
 bounds [0x000001b100000000, 0x000001b100380000, 0x000001b100740000]
 total_blobs=17814 nmethods=16729 adapters=996
 compilation: enabled
              stopped_count=0, restarted_count=0
 full_count=0

Compilation events (20 events):
Event: 8698.032 Thread 0x000001b121191800 20320       1       project.File::setType (6 bytes)
Event: 8698.032 Thread 0x000001b17fa01800 20322       1       project.File::setName (6 bytes)
Event: 8698.032 Thread 0x000001b12118f000 20321       1       project.File::setPath (6 bytes)
Event: 8698.032 Thread 0x000001b12118f000 nmethod 20321 0x000001b1090ded90 code [0x000001b1090def40, 0x000001b1090df058]
Event: 8698.032 Thread 0x000001b17fa01800 nmethod 20322 0x000001b1090df110 code [0x000001b1090df2c0, 0x000001b1090df3d8]
Event: 8698.032 Thread 0x000001b121191800 nmethod 20320 0x000001b1090df490 code [0x000001b1090df640, 0x000001b1090df758]
Event: 8698.125 Thread 0x000001b17f0da800 nmethod 20319% 0x000001b1090df810 code [0x000001b1090dfae0, 0x000001b1090e28f0]
Event: 8698.125 Thread 0x000001b17f0da800 20324       4       com.sun.org.apache.xerces.internal.parsers.AbstractDOMParser::startGeneralEntity (275 bytes)
Event: 8698.202 Thread 0x000001b17f0da800 nmethod 20324 0x000001b1090e4310 code [0x000001b1090e45c0, 0x000001b1090e6878]
Event: 8698.202 Thread 0x000001b17f0da800 20325       4       com.sun.org.apache.xerces.internal.parsers.AbstractDOMParser::externalEntityDecl (340 bytes)
Event: 8698.526 Thread 0x000001b17f0da800 nmethod 20325 0x000001b1090e8010 code [0x000001b1090e84a0, 0x000001b1090eeb88]
Event: 8698.526 Thread 0x000001b17f0da800 20326       4       java.lang.invoke.DirectMethodHandle$Holder::invokeStatic (15 bytes)
Event: 8698.527 Thread 0x000001b17f0da800 nmethod 20326 0x000001b1090f2d10 code [0x000001b1090f2ec0, 0x000001b1090f2f68]
Event: 8698.527 Thread 0x000001b17f0da800 20318       4       com.sun.org.apache.xpath.internal.compiler.Compiler::getWhatToShow (280 bytes)
Event: 8698.528 Thread 0x000001b17f0da800 nmethod 20318 0x000001b1090f3090 code [0x000001b1090f3220, 0x000001b1090f3358]
Event: 8698.528 Thread 0x000001b17f0da800 20323       4       com.sun.org.apache.xpath.internal.VariableStack::reset (40 bytes)
Event: 8698.530 Thread 0x000001b17f0da800 nmethod 20323 0x000001b1090f3510 code [0x000001b1090f36c0, 0x000001b1090f3938]
Event: 8698.617 Thread 0x000001b17f0da800 20327       4       java.net.URLConnection::<init> (62 bytes)
Event: 8698.629 Thread 0x000001b17f0da800 nmethod 20327 0x000001b1090f3a90 code [0x000001b1090f3c60, 0x000001b1090f4698]
Event: 8698.730 Thread 0x000001b17f0da800 20328       4       com.sun.org.apache.xpath.internal.compiler.XPathParser::Step (380 bytes)

GC Heap History (20 events):
Event: 8697.206 GC heap after
{Heap after GC invocations=131 (full 0):
 garbage-first heap   total 1289216K, used 259647K [0x000000070aa00000, 0x0000000800000000)
  region size 1024K, 59 young (60416K), 59 survivors (60416K)
 Metaspace       used 85129K, capacity 88727K, committed 93828K, reserved 1130496K
  class space    used 8943K, capacity 10452K, committed 12032K, reserved 1048576K
}
Event: 8697.384 GC heap before
{Heap before GC invocations=132 (full 0):
 garbage-first heap   total 1289216K, used 304703K [0x000000070aa00000, 0x0000000800000000)
  region size 1024K, 104 young (106496K), 59 survivors (60416K)
 Metaspace       used 85130K, capacity 88727K, committed 93828K, reserved 1130496K
  class space    used 8943K, capacity 10452K, committed 12032K, reserved 1048576K
}
Event: 8697.408 GC heap after
{Heap after GC invocations=133 (full 0):
 garbage-first heap   total 1289216K, used 259249K [0x000000070aa00000, 0x0000000800000000)
  region size 1024K, 58 young (59392K), 58 survivors (59392K)
 Metaspace       used 85130K, capacity 88727K, committed 93828K, reserved 1130496K
  class space    used 8943K, capacity 10452K, committed 12032K, reserved 1048576K
}
Event: 8697.590 GC heap before
{Heap before GC invocations=134 (full 0):
 garbage-first heap   total 1289216K, used 317617K [0x000000070aa00000, 0x0000000800000000)
  region size 1024K, 114 young (116736K), 58 survivors (59392K)
 Metaspace       used 85130K, capacity 88727K, committed 93828K, reserved 1130496K
  class space    used 8943K, capacity 10452K, committed 12032K, reserved 1048576K
}
Event: 8697.610 GC heap after
{Heap after GC invocations=135 (full 0):
 garbage-first heap   total 1289216K, used 260321K [0x000000070aa00000, 0x0000000800000000)
  region size 1024K, 57 young (58368K), 57 survivors (58368K)
 Metaspace       used 85130K, capacity 88727K, committed 93828K, reserved 1130496K
  class space    used 8943K, capacity 10452K, committed 12032K, reserved 1048576K
}
Event: 8697.755 GC heap before
{Heap before GC invocations=136 (full 0):
 garbage-first heap   total 1289216K, used 303329K [0x000000070aa00000, 0x0000000800000000)
  region size 1024K, 102 young (104448K), 57 survivors (58368K)
 Metaspace       used 85130K, capacity 88727K, committed 93828K, reserved 1130496K
  class space    used 8943K, capacity 10452K, committed 12032K, reserved 1048576K
}
Event: 8697.774 GC heap after
{Heap after GC invocations=137 (full 0):
 garbage-first heap   total 1289216K, used 259315K [0x000000070aa00000, 0x0000000800000000)
  region size 1024K, 58 young (59392K), 58 survivors (59392K)
 Metaspace       used 85130K, capacity 88727K, committed 93828K, reserved 1130496K
  class space    used 8943K, capacity 10452K, committed 12032K, reserved 1048576K
}
Event: 8697.912 GC heap before
{Heap before GC invocations=138 (full 0):
 garbage-first heap   total 1289216K, used 304371K [0x000000070aa00000, 0x0000000800000000)
  region size 1024K, 103 young (105472K), 58 survivors (59392K)
 Metaspace       used 85130K, capacity 88727K, committed 93828K, reserved 1130496K
  class space    used 8943K, capacity 10452K, committed 12032K, reserved 1048576K
}
Event: 8697.930 GC heap after
{Heap after GC invocations=139 (full 0):
 garbage-first heap   total 1289216K, used 258808K [0x000000070aa00000, 0x0000000800000000)
  region size 1024K, 57 young (58368K), 57 survivors (58368K)
 Metaspace       used 85130K, capacity 88727K, committed 93828K, reserved 1130496K
  class space    used 8943K, capacity 10452K, committed 12032K, reserved 1048576K
}
Event: 8698.160 GC heap before
{Heap before GC invocations=140 (full 0):
 garbage-first heap   total 1289216K, used 360184K [0x000000070aa00000, 0x0000000800000000)
  region size 1024K, 156 young (159744K), 57 survivors (58368K)
 Metaspace       used 85131K, capacity 88727K, committed 93828K, reserved 1130496K
  class space    used 8943K, capacity 10452K, committed 12032K, reserved 1048576K
}
Event: 8698.178 GC heap after
{Heap after GC invocations=141 (full 0):
 garbage-first heap   total 1289216K, used 260344K [0x000000070aa00000, 0x0000000800000000)
  region size 1024K, 58 young (59392K), 58 survivors (59392K)
 Metaspace       used 85131K, capacity 88727K, committed 93828K, reserved 1130496K
  class space    used 8943K, capacity 10452K, committed 12032K, reserved 1048576K
}
Event: 8698.339 GC heap before
{Heap before GC invocations=142 (full 0):
 garbage-first heap   total 1289216K, used 309496K [0x000000070aa00000, 0x0000000800000000)
  region size 1024K, 108 young (110592K), 58 survivors (59392K)
 Metaspace       used 85131K, capacity 88727K, committed 93828K, reserved 1130496K
  class space    used 8943K, capacity 10452K, committed 12032K, reserved 1048576K
}
Event: 8698.356 GC heap after
{Heap after GC invocations=143 (full 0):
 garbage-first heap   total 1289216K, used 258837K [0x000000070aa00000, 0x0000000800000000)
  region size 1024K, 57 young (58368K), 57 survivors (58368K)
 Metaspace       used 85131K, capacity 88727K, committed 93828K, reserved 1130496K
  class space    used 8943K, capacity 10452K, committed 12032K, reserved 1048576K
}
Event: 8698.550 GC heap before
{Heap before GC invocations=144 (full 0):
 garbage-first heap   total 1289216K, used 319253K [0x000000070aa00000, 0x0000000800000000)
  region size 1024K, 115 young (117760K), 57 survivors (58368K)
 Metaspace       used 85131K, capacity 88727K, committed 93828K, reserved 1130496K
  class space    used 8943K, capacity 10452K, committed 12032K, reserved 1048576K
}
Event: 8698.569 GC heap after
{Heap after GC invocations=145 (full 0):
 garbage-first heap   total 1289216K, used 260626K [0x000000070aa00000, 0x0000000800000000)
  region size 1024K, 57 young (58368K), 57 survivors (58368K)
 Metaspace       used 85131K, capacity 88727K, committed 93828K, reserved 1130496K
  class space    used 8943K, capacity 10452K, committed 12032K, reserved 1048576K
}
Event: 8698.699 GC heap before
{Heap before GC invocations=146 (full 0):
 garbage-first heap   total 1289216K, used 304658K [0x000000070aa00000, 0x0000000800000000)
  region size 1024K, 103 young (105472K), 57 survivors (58368K)
 Metaspace       used 85131K, capacity 88727K, committed 93828K, reserved 1130496K
  class space    used 8943K, capacity 10452K, committed 12032K, reserved 1048576K
}
Event: 8698.718 GC heap after
{Heap after GC invocations=147 (full 0):
 garbage-first heap   total 1289216K, used 259608K [0x000000070aa00000, 0x0000000800000000)
  region size 1024K, 58 young (59392K), 58 survivors (59392K)
 Metaspace       used 85131K, capacity 88727K, committed 93828K, reserved 1130496K
  class space    used 8943K, capacity 10452K, committed 12032K, reserved 1048576K
}
Event: 8698.880 GC heap before
{Heap before GC invocations=148 (full 0):
 garbage-first heap   total 1289216K, used 308760K [0x000000070aa00000, 0x0000000800000000)
  region size 1024K, 107 young (109568K), 58 survivors (59392K)
 Metaspace       used 85131K, capacity 88727K, committed 93828K, reserved 1130496K
  class space    used 8943K, capacity 10452K, committed 12032K, reserved 1048576K
}
Event: 8698.900 GC heap after
{Heap after GC invocations=149 (full 0):
 garbage-first heap   total 1289216K, used 259612K [0x000000070aa00000, 0x0000000800000000)
  region size 1024K, 58 young (59392K), 58 survivors (59392K)
 Metaspace       used 85131K, capacity 88727K, committed 93828K, reserved 1130496K
  class space    used 8943K, capacity 10452K, committed 12032K, reserved 1048576K
}
Event: 8699.109 GC heap before
{Heap before GC invocations=150 (full 0):
 garbage-first heap   total 1289216K, used 312860K [0x000000070aa00000, 0x0000000800000000)
  region size 1024K, 110 young (112640K), 58 survivors (59392K)
 Metaspace       used 85131K, capacity 88727K, committed 93828K, reserved 1130496K
  class space    used 8943K, capacity 10452K, committed 12032K, reserved 1048576K
}

Deoptimization events (20 events):
Event: 8695.931 Thread 0x000001b11ef4b000 DEOPT PACKING pc=0x000001b107eb80c8 sp=0x0000002e6d2fd980
Event: 8695.931 Thread 0x000001b11ef4b000 DEOPT UNPACKING pc=0x000001b10004a1af sp=0x0000002e6d2fd8b0 mode 2
Event: 8695.931 Thread 0x000001b11ef4b000 Uncommon trap: trap_request=0xffffff6e fr.pc=0x000001b107eb8590 relative=0x00000000000001d0
Event: 8695.931 Thread 0x000001b11ef4b000 Uncommon trap: reason=speculate_class_check action=maybe_recompile pc=0x000001b107eb8590 method=sun.security.util.math.intpoly.IntegerPolynomial.multByInt([JJ)V @ 26 c2
Event: 8695.931 Thread 0x000001b11ef4b000 DEOPT PACKING pc=0x000001b107eb8590 sp=0x0000002e6d2fd940
Event: 8695.931 Thread 0x000001b11ef4b000 DEOPT UNPACKING pc=0x000001b10004a1af sp=0x0000002e6d2fd828 mode 2
Event: 8695.931 Thread 0x000001b11ef4b000 Uncommon trap: trap_request=0xffffff6e fr.pc=0x000001b107eb8590 relative=0x00000000000001d0
Event: 8695.931 Thread 0x000001b11ef4b000 Uncommon trap: reason=speculate_class_check action=maybe_recompile pc=0x000001b107eb8590 method=sun.security.util.math.intpoly.IntegerPolynomial.multByInt([JJ)V @ 26 c2
Event: 8695.931 Thread 0x000001b11ef4b000 DEOPT PACKING pc=0x000001b107eb8590 sp=0x0000002e6d2fd940
Event: 8695.931 Thread 0x000001b11ef4b000 DEOPT UNPACKING pc=0x000001b10004a1af sp=0x0000002e6d2fd828 mode 2
Event: 8695.931 Thread 0x000001b11ef4b000 Uncommon trap: trap_request=0xffffff6e fr.pc=0x000001b107eb8590 relative=0x00000000000001d0
Event: 8695.931 Thread 0x000001b11ef4b000 Uncommon trap: reason=speculate_class_check action=maybe_recompile pc=0x000001b107eb8590 method=sun.security.util.math.intpoly.IntegerPolynomial.multByInt([JJ)V @ 26 c2
Event: 8695.931 Thread 0x000001b11ef4b000 DEOPT PACKING pc=0x000001b107eb8590 sp=0x0000002e6d2fd940
Event: 8695.931 Thread 0x000001b11ef4b000 DEOPT UNPACKING pc=0x000001b10004a1af sp=0x0000002e6d2fd828 mode 2
Event: 8696.134 Thread 0x000001b11ef4b000 Uncommon trap: trap_request=0xffffff4d fr.pc=0x000001b10861ad9c relative=0x0000000000000f7c
Event: 8696.134 Thread 0x000001b11ef4b000 Uncommon trap: reason=unstable_if action=reinterpret pc=0x000001b10861ad9c method=java.lang.ref.SoftReference.get()Ljava/lang/Object; @ 6 c2
Event: 8696.134 Thread 0x000001b11ef4b000 DEOPT PACKING pc=0x000001b10861ad9c sp=0x0000002e6d2fd400
Event: 8696.134 Thread 0x000001b11ef4b000 DEOPT UNPACKING pc=0x000001b10004a1af sp=0x0000002e6d2fd2e8 mode 2
Event: 8698.945 Thread 0x000001b11ef51800 DEOPT PACKING pc=0x000001b101f05bb8 sp=0x0000002e6d4fe230
Event: 8698.945 Thread 0x000001b11ef51800 DEOPT UNPACKING pc=0x000001b10004a95e sp=0x0000002e6d4fd898 mode 0

Classes redefined (0 events):
No events

Internal exceptions (20 events):
Event: 8696.828 Thread 0x000001b11ef51800 Exception <a 'sun/nio/fs/WindowsException'{0x0000000758a5e968}> (0x0000000758a5e968) thrown at [./src/hotspot/share/prims/jni.cpp, line 617]
Event: 8696.830 Thread 0x000001b11ef51800 Exception <a 'sun/nio/fs/WindowsException'{0x0000000758a5f358}> (0x0000000758a5f358) thrown at [./src/hotspot/share/prims/jni.cpp, line 617]
Event: 8696.831 Thread 0x000001b11ef51800 Exception <a 'sun/nio/fs/WindowsException'{0x0000000758a5fd20}> (0x0000000758a5fd20) thrown at [./src/hotspot/share/prims/jni.cpp, line 617]
Event: 8696.832 Thread 0x000001b11ef51800 Exception <a 'sun/nio/fs/WindowsException'{0x0000000758a606d8}> (0x0000000758a606d8) thrown at [./src/hotspot/share/prims/jni.cpp, line 617]
Event: 8696.833 Thread 0x000001b11ef51800 Exception <a 'sun/nio/fs/WindowsException'{0x0000000758a61090}> (0x0000000758a61090) thrown at [./src/hotspot/share/prims/jni.cpp, line 617]
Event: 8696.835 Thread 0x000001b11ef51800 Exception <a 'sun/nio/fs/WindowsException'{0x0000000758a61a48}> (0x0000000758a61a48) thrown at [./src/hotspot/share/prims/jni.cpp, line 617]
Event: 8696.836 Thread 0x000001b11ef51800 Exception <a 'sun/nio/fs/WindowsException'{0x0000000758a62400}> (0x0000000758a62400) thrown at [./src/hotspot/share/prims/jni.cpp, line 617]
Event: 8696.837 Thread 0x000001b11ef51800 Exception <a 'sun/nio/fs/WindowsException'{0x0000000758a62db8}> (0x0000000758a62db8) thrown at [./src/hotspot/share/prims/jni.cpp, line 617]
Event: 8696.839 Thread 0x000001b11ef51800 Exception <a 'sun/nio/fs/WindowsException'{0x0000000758a63780}> (0x0000000758a63780) thrown at [./src/hotspot/share/prims/jni.cpp, line 617]
Event: 8696.841 Thread 0x000001b11ef51800 Exception <a 'sun/nio/fs/WindowsException'{0x0000000758a64148}> (0x0000000758a64148) thrown at [./src/hotspot/share/prims/jni.cpp, line 617]
Event: 8696.844 Thread 0x000001b11ef51800 Exception <a 'sun/nio/fs/WindowsException'{0x0000000758a64b00}> (0x0000000758a64b00) thrown at [./src/hotspot/share/prims/jni.cpp, line 617]
Event: 8696.845 Thread 0x000001b11ef51800 Exception <a 'sun/nio/fs/WindowsException'{0x0000000758a654b8}> (0x0000000758a654b8) thrown at [./src/hotspot/share/prims/jni.cpp, line 617]
Event: 8696.847 Thread 0x000001b11ef51800 Exception <a 'sun/nio/fs/WindowsException'{0x0000000758a65e80}> (0x0000000758a65e80) thrown at [./src/hotspot/share/prims/jni.cpp, line 617]
Event: 8696.849 Thread 0x000001b11ef51800 Exception <a 'java/io/IOException'{0x0000000758a6ff60}> (0x0000000758a6ff60) thrown at [./src/hotspot/share/prims/jni.cpp, line 617]
Event: 8696.849 Thread 0x000001b11ef51800 Exception <a 'java/io/IOException'{0x0000000758a702c8}> (0x0000000758a702c8) thrown at [./src/hotspot/share/prims/jni.cpp, line 617]
Event: 8696.855 Thread 0x000001b11ef51800 Exception <a 'java/io/IOException'{0x000000075890bcd0}> (0x000000075890bcd0) thrown at [./src/hotspot/share/prims/jni.cpp, line 617]
Event: 8696.855 Thread 0x000001b11ef51800 Exception <a 'java/io/IOException'{0x000000075890c038}> (0x000000075890c038) thrown at [./src/hotspot/share/prims/jni.cpp, line 617]
Event: 8697.223 Thread 0x000001b11ef51800 Exception <a 'java/io/IOException'{0x0000000759197b00}> (0x0000000759197b00) thrown at [./src/hotspot/share/prims/jni.cpp, line 617]
Event: 8697.223 Thread 0x000001b11ef51800 Exception <a 'java/io/IOException'{0x0000000759197e68}> (0x0000000759197e68) thrown at [./src/hotspot/share/prims/jni.cpp, line 617]
Event: 8698.016 Thread 0x000001b11ef51800 Exception <a 'java/lang/ClassNotFoundException'{0x00000007572827f8}: com/sun/org/apache/xerces/internal/impl/msg/spi/SAXMessagesProvider> (0x00000007572827f8) thrown at [./src/hotspot/share/classfile/systemDictionary.cpp, line 230]

Events (20 events):
Event: 8698.569 Executing VM operation: G1CollectForAllocation done
Event: 8698.617 Thread 0x000001b121191800 Thread exited: 0x000001b121191800
Event: 8698.634 Executing VM operation: CGC_Operation
Event: 8698.647 Executing VM operation: CGC_Operation done
Event: 8698.678 Executing VM operation: CGC_Operation
Event: 8698.678 Executing VM operation: CGC_Operation done
Event: 8698.698 Executing VM operation: G1CollectForAllocation
Event: 8698.718 Executing VM operation: G1CollectForAllocation done
Event: 8698.730 Thread 0x000001b12118f000 Thread exited: 0x000001b12118f000
Event: 8698.787 Executing VM operation: CGC_Operation
Event: 8698.801 Executing VM operation: CGC_Operation done
Event: 8698.847 Executing VM operation: CGC_Operation
Event: 8698.848 Executing VM operation: CGC_Operation done
Event: 8698.880 Executing VM operation: G1CollectForAllocation
Event: 8698.900 Executing VM operation: G1CollectForAllocation done
Event: 8698.996 Executing VM operation: CGC_Operation
Event: 8699.012 Executing VM operation: CGC_Operation done
Event: 8699.060 Executing VM operation: CGC_Operation
Event: 8699.060 Executing VM operation: CGC_Operation done
Event: 8699.109 Executing VM operation: G1CollectForAllocation


Dynamic libraries:
0x00007ff7d0cb0000 - 0x00007ff7d0cbd000 	D:\newcubemx\jre\bin\javaw.exe
0x00007ffad9930000 - 0x00007ffad9b28000 	C:\WINDOWS\SYSTEM32\ntdll.dll
0x00007ffad97a0000 - 0x00007ffad985f000 	C:\WINDOWS\System32\KERNEL32.DLL
0x00007ffad71a0000 - 0x00007ffad7496000 	C:\WINDOWS\System32\KERNELBASE.dll
0x00007ffad76c0000 - 0x00007ffad77c0000 	C:\WINDOWS\System32\ucrtbase.dll
0x00007ffad2480000 - 0x00007ffad2495000 	D:\newcubemx\jre\bin\VCRUNTIME140.dll
0x00007ffacfdd0000 - 0x00007ffacfde7000 	D:\newcubemx\jre\bin\jli.dll
0x00007ffad8080000 - 0x00007ffad821d000 	C:\WINDOWS\System32\USER32.dll
0x00007ffad74a0000 - 0x00007ffad74c2000 	C:\WINDOWS\System32\win32u.dll
0x00007ffac2950000 - 0x00007ffac2bea000 	C:\WINDOWS\WinSxS\amd64_microsoft.windows.common-controls_6595b64144ccf1df_6.0.19041.1110_none_60b5254171f9507e\COMCTL32.dll
0x00007ffad7b10000 - 0x00007ffad7b3c000 	C:\WINDOWS\System32\GDI32.dll
0x00007ffad8df0000 - 0x00007ffad8e8e000 	C:\WINDOWS\System32\msvcrt.dll
0x00007ffad7570000 - 0x00007ffad7685000 	C:\WINDOWS\System32\gdi32full.dll
0x00007ffad74d0000 - 0x00007ffad756d000 	C:\WINDOWS\System32\msvcp_win.dll
0x00007ffad8c10000 - 0x00007ffad8c40000 	C:\WINDOWS\System32\IMM32.DLL
0x00007ffa9fd60000 - 0x00007ffa9fdfb000 	D:\newcubemx\jre\bin\msvcp140.dll
0x00007ffa67640000 - 0x00007ffa681c2000 	D:\newcubemx\jre\bin\server\jvm.dll
0x00007ffad96f0000 - 0x00007ffad979f000 	C:\WINDOWS\System32\ADVAPI32.dll
0x00007ffad7970000 - 0x00007ffad7a0c000 	C:\WINDOWS\System32\sechost.dll
0x00007ffad8390000 - 0x00007ffad84b6000 	C:\WINDOWS\System32\RPCRT4.dll
0x00007ffad82b0000 - 0x00007ffad82b8000 	C:\WINDOWS\System32\PSAPI.DLL
0x00007ffacbda0000 - 0x00007ffacbdc7000 	C:\WINDOWS\SYSTEM32\WINMM.dll
0x00007ffad5ce0000 - 0x00007ffad5cea000 	C:\WINDOWS\SYSTEM32\VERSION.dll
0x00007ffad2470000 - 0x00007ffad2479000 	C:\WINDOWS\SYSTEM32\WSOCK32.dll
0x00007ffad9880000 - 0x00007ffad98eb000 	C:\WINDOWS\System32\WS2_32.dll
0x00007ffad5720000 - 0x00007ffad5732000 	C:\WINDOWS\SYSTEM32\kernel.appcore.dll
0x00007ffad23f0000 - 0x00007ffad2400000 	D:\newcubemx\jre\bin\verify.dll
0x00007ffad5510000 - 0x00007ffad56f4000 	C:\WINDOWS\SYSTEM32\DBGHELP.DLL
0x00007ffab82e0000 - 0x00007ffab8314000 	C:\WINDOWS\SYSTEM32\dbgcore.DLL
0x00007ffad78e0000 - 0x00007ffad7962000 	C:\WINDOWS\System32\bcryptPrimitives.dll
0x00007ffacdb50000 - 0x00007ffacdb78000 	D:\newcubemx\jre\bin\java.dll
0x00007ffad23d0000 - 0x00007ffad23da000 	D:\newcubemx\jre\bin\jimage.dll
0x00007ffacfdb0000 - 0x00007ffacfdc8000 	D:\newcubemx\jre\bin\zip.dll
0x00007ffad84c0000 - 0x00007ffad8c04000 	C:\WINDOWS\System32\SHELL32.dll
0x00007ffad4ca0000 - 0x00007ffad5433000 	C:\WINDOWS\SYSTEM32\windows.storage.dll
0x00007ffad7bb0000 - 0x00007ffad7f04000 	C:\WINDOWS\System32\combase.dll
0x00007ffad6a50000 - 0x00007ffad6a7e000 	C:\WINDOWS\SYSTEM32\Wldp.dll
0x00007ffad7f70000 - 0x00007ffad801d000 	C:\WINDOWS\System32\SHCORE.dll
0x00007ffad7b50000 - 0x00007ffad7ba5000 	C:\WINDOWS\System32\shlwapi.dll
0x00007ffad6f30000 - 0x00007ffad6f4f000 	C:\WINDOWS\SYSTEM32\profapi.dll
0x00007ffac3620000 - 0x00007ffac3639000 	D:\newcubemx\jre\bin\net.dll
0x00007ffad1650000 - 0x00007ffad175a000 	C:\WINDOWS\SYSTEM32\WINHTTP.dll
0x00007ffad67b0000 - 0x00007ffad681a000 	C:\WINDOWS\system32\mswsock.dll
0x00007ffac3580000 - 0x00007ffac3593000 	D:\newcubemx\jre\bin\nio.dll
0x00007ffa9d9a0000 - 0x00007ffa9db3a000 	D:\newcubemx\jre\bin\awt.dll
0x00007ffad82c0000 - 0x00007ffad838d000 	C:\WINDOWS\System32\OLEAUT32.dll
0x00007ffad41a0000 - 0x00007ffad4231000 	C:\WINDOWS\SYSTEM32\apphelp.dll
0x00007ffad69a0000 - 0x00007ffad69b8000 	C:\WINDOWS\SYSTEM32\CRYPTSP.dll
0x00007ffad6080000 - 0x00007ffad60b4000 	C:\WINDOWS\system32\rsaenh.dll
0x00007ffad7690000 - 0x00007ffad76b7000 	C:\WINDOWS\System32\bcrypt.dll
0x00007ffad6ef0000 - 0x00007ffad6f1e000 	C:\WINDOWS\SYSTEM32\USERENV.dll
0x00007ffad69c0000 - 0x00007ffad69cc000 	C:\WINDOWS\SYSTEM32\CRYPTBASE.dll
0x00007ffad6450000 - 0x00007ffad648c000 	C:\WINDOWS\SYSTEM32\IPHLPAPI.DLL
0x00007ffad7b40000 - 0x00007ffad7b48000 	C:\WINDOWS\System32\NSI.dll
0x00007ffaceab0000 - 0x00007ffaceac7000 	C:\WINDOWS\SYSTEM32\dhcpcsvc6.DLL
0x00007ffacf160000 - 0x00007ffacf17d000 	C:\WINDOWS\SYSTEM32\dhcpcsvc.DLL
0x00007ffad6490000 - 0x00007ffad655b000 	C:\WINDOWS\SYSTEM32\DNSAPI.dll
0x00007ffad4360000 - 0x00007ffad43fe000 	C:\WINDOWS\system32\uxtheme.dll
0x00007ffaa7670000 - 0x00007ffaa7749000 	c:\Program Files\HP\HP ProtectTools Security Manager\Bin\DpoFeedb.dll
0x00007ffad8cd0000 - 0x00007ffad8de4000 	C:\WINDOWS\System32\MSCTF.dll
0x00007ffad9040000 - 0x00007ffad916a000 	C:\WINDOWS\System32\ole32.dll
0x00007ffad46b0000 - 0x00007ffad46df000 	C:\WINDOWS\system32\DWMAPI.DLL
0x00007ffa79620000 - 0x00007ffa79745000 	C:\WINDOWS\system32\opengl32.dll
0x00007ffa77760000 - 0x00007ffa7778c000 	C:\WINDOWS\SYSTEM32\GLU32.dll
0x00007ffad6ff0000 - 0x00007ffad703e000 	C:\WINDOWS\System32\cfgmgr32.dll
0x00007ffacd850000 - 0x00007ffacd88b000 	C:\WINDOWS\SYSTEM32\dxcore.dll
0x00007ffa9fbe0000 - 0x00007ffa9fc63000 	D:\newcubemx\jre\bin\freetype.dll
0x00007ffa9fb30000 - 0x00007ffa9fbd5000 	D:\newcubemx\jre\bin\fontmanager.dll
0x00007fface240000 - 0x00007fface24a000 	C:\Windows\System32\rasadhlp.dll
0x00007ffaced50000 - 0x00007ffaced59000 	D:\newcubemx\jre\bin\management.dll
0x00007ffacdb40000 - 0x00007ffacdb4b000 	D:\newcubemx\jre\bin\management_ext.dll
0x00007ffacbee0000 - 0x00007ffacbee9000 	D:\newcubemx\jre\bin\prefs.dll
0x00007ffab8900000 - 0x00007ffab8917000 	C:\WINDOWS\system32\napinsp.dll
0x00007ffab88e0000 - 0x00007ffab88fb000 	C:\WINDOWS\system32\pnrpnsp.dll
0x00007ffad1880000 - 0x00007ffad1895000 	C:\WINDOWS\system32\wshbth.dll
0x00007ffad2330000 - 0x00007ffad234d000 	C:\WINDOWS\system32\NLAapi.dll
0x00007ffab88c0000 - 0x00007ffab88d2000 	C:\WINDOWS\System32\winrnr.dll
0x00007ffacde10000 - 0x00007ffacde92000 	C:\WINDOWS\System32\fwpuclnt.dll
0x00007ffacbdf0000 - 0x00007ffacbdfe000 	D:\newcubemx\jre\bin\sunmscapi.dll
0x00007ffad7040000 - 0x00007ffad719e000 	C:\WINDOWS\System32\CRYPT32.dll
0x00007ffad6ac0000 - 0x00007ffad6ae8000 	C:\WINDOWS\SYSTEM32\ncrypt.dll
0x00007ffad6a80000 - 0x00007ffad6abb000 	C:\WINDOWS\SYSTEM32\NTASN1.dll
0x00007ffabca10000 - 0x00007ffabca35000 	D:\newcubemx\jre\bin\sunec.dll
0x00007ffad6be0000 - 0x00007ffad6bf2000 	C:\WINDOWS\SYSTEM32\MSASN1.dll
0x00007ffad5740000 - 0x00007ffad5763000 	C:\WINDOWS\SYSTEM32\gpapi.dll
0x00007ffaa8190000 - 0x00007ffaa81bd000 	D:\newcubemx\jre\bin\javajpeg.dll
0x00007ffad9640000 - 0x00007ffad96e9000 	C:\WINDOWS\System32\clbcatq.dll
0x00007ffacfee0000 - 0x00007ffad0094000 	C:\WINDOWS\SYSTEM32\WindowsCodecs.dll
0x00007ffaabf50000 - 0x00007ffaabf8e000 	C:\WINDOWS\system32\dataexchange.dll
0x00007ffad3430000 - 0x00007ffad3613000 	C:\WINDOWS\system32\dcomp.dll
0x00007ffad27a0000 - 0x00007ffad2a03000 	C:\WINDOWS\system32\d3d11.dll
0x00007ffad5790000 - 0x00007ffad5883000 	C:\WINDOWS\system32\dxgi.dll
0x00007ffacf960000 - 0x00007ffacfb60000 	C:\WINDOWS\system32\twinapi.appcore.dll
0x00007ffac0a00000 - 0x00007ffac0afa000 	C:\WINDOWS\SYSTEM32\textinputframework.dll
0x00007ffad3700000 - 0x00007ffad3a5e000 	C:\WINDOWS\System32\CoreUIComponents.dll
0x00007ffad3de0000 - 0x00007ffad3ed2000 	C:\WINDOWS\System32\CoreMessaging.dll
0x00007ffad61a0000 - 0x00007ffad61d3000 	C:\WINDOWS\SYSTEM32\ntmarta.dll
0x00007ffad2640000 - 0x00007ffad2794000 	C:\WINDOWS\SYSTEM32\wintypes.dll
0x0000000067740000 - 0x0000000067818000 	C:\Users\Muster\AppData\Local\Temp\sqlite-3.34.0-54e8091e-5f40-46b8-bab7-3a578749edfb-sqlitejdbc.dll
0x00007ffad4490000 - 0x00007ffad44a4000 	C:\WINDOWS\system32\Wtsapi32.dll
0x00007ffad5bd0000 - 0x00007ffad5c34000 	C:\WINDOWS\SYSTEM32\WINSTA.dll
0x00007ffad4070000 - 0x00007ffad4166000 	C:\WINDOWS\SYSTEM32\PROPSYS.dll
0x00007ffaabeb0000 - 0x00007ffaabed4000 	C:\WINDOWS\SYSTEM32\edputil.dll
0x00007ffab2560000 - 0x00007ffab25f0000 	C:\Windows\System32\appresolver.dll
0x00007ffad5a10000 - 0x00007ffad5a39000 	C:\Windows\System32\SLC.dll
0x00007ffac17b0000 - 0x00007ffac180b000 	C:\Windows\System32\Bcp47Langs.dll
0x00007ffad59e0000 - 0x00007ffad5a05000 	C:\Windows\System32\sppc.dll
0x00007ffaab500000 - 0x00007ffaaba82000 	C:\Windows\System32\StartTileData.dll
0x00007ffad6eb0000 - 0x00007ffad6ee2000 	C:\Windows\System32\SspiCli.dll
0x00007ffad1d90000 - 0x00007ffad1da6000 	C:\WINDOWS\SYSTEM32\usermgrcli.dll
0x00007ffacf900000 - 0x00007ffacf954000 	C:\Windows\System32\usermgrproxy.dll
0x00007ffaa8a60000 - 0x00007ffaa8a6d000 	C:\WINDOWS\SYSTEM32\atlthunk.dll
0x00007ffaa9e40000 - 0x00007ffaa9ebd000 	C:\WINDOWS\system32\ntshrui.dll
0x00007ffa90120000 - 0x00007ffa90181000 	C:\Windows\System32\Windows.FileExplorer.Common.dll
0x00007ffac25c0000 - 0x00007ffac2871000 	C:\Windows\System32\iertutil.dll
0x00007ffac1d00000 - 0x00007ffac1d28000 	C:\WINDOWS\system32\srvcli.dll
0x00007ffab8a50000 - 0x00007ffab8a62000 	C:\WINDOWS\SYSTEM32\cscapi.dll
0x00007ffad6560000 - 0x00007ffad656c000 	C:\WINDOWS\system32\netutils.dll
0x00007ffaa8020000 - 0x00007ffaa8049000 	C:\WINDOWS\System32\shacct.dll
0x00007ffabbd40000 - 0x00007ffabbd6b000 	C:\WINDOWS\System32\IDStore.dll
0x00007ffad22b0000 - 0x00007ffad22d7000 	C:\WINDOWS\System32\SAMLIB.dll
0x00007ffaae340000 - 0x00007ffaae3ea000 	C:\WINDOWS\System32\wlidprov.dll
0x00007ffac4b80000 - 0x00007ffac4b99000 	C:\WINDOWS\System32\samcli.dll
0x00007ffacbff0000 - 0x00007ffacc24f000 	C:\Windows\System32\msxml6.dll
0x00007ffabb9e0000 - 0x00007ffabbb26000 	C:\Windows\System32\Windows.StateRepositoryPS.dll
0x00007ffaa5f40000 - 0x00007ffaa5fbd000 	C:\WINDOWS\System32\provsvc.dll
0x00007ffaad360000 - 0x00007ffaad382000 	C:\WINDOWS\SYSTEM32\cldapi.dll
0x00007ffaba330000 - 0x00007ffaba33b000 	C:\WINDOWS\SYSTEM32\FLTLIB.DLL

dbghelp: loaded successfully - version: 4.0.5 - missing functions: none
symbol engine: initialized successfully - sym options: 0x614 - pdb path: .;D:\newcubemx\jre\bin;C:\WINDOWS\SYSTEM32;C:\WINDOWS\WinSxS\amd64_microsoft.windows.common-controls_6595b64144ccf1df_6.0.19041.1110_none_60b5254171f9507e;D:\newcubemx\jre\bin\server;c:\Program Files\HP\HP ProtectTools Security Manager\Bin;C:\WINDOWS\System32\DriverStore\FileRepository\u0382887.inf_amd64_c0c8f96c746954a2\B382882;C:\Users\Muster\AppData\Local\Temp;E:;C:\WINDOWS\WinSxS\amd64_microsoft.windows.gdiplus_6595b64144ccf1df_1.1.19041.2251_none_91a40448cc8846c1;E:\QQ\ShellExt;D:\百度网盘\BaiduNetdisk;C:\Program Files (x86)\StarSoftComm\StarCenter\BIN;C:\Program Files\Windows Defender;C:\Program Files\Microsoft OneDrive\23.096.0507.0001;D:\百度网盘\BaiduNetdis

VM Arguments:
jvm_args: -Djavax.net.ssl.trustStoreType=WINDOWS-ROOT 
java_command: com.st.microxplorer.maingui.STM32CubeMX C:\Users\Muster\Desktop\Desktop\elephant\Elephant.ioc
java_class_path (initial): D:\newcubemx\STM32CubeMX.exe;anything
Launcher Type: SUN_STANDARD

[Global flags]
     intx CICompilerCount                          = 12                                        {product} {ergonomic}
     uint ConcGCThreads                            = 3                                         {product} {ergonomic}
     uint G1ConcRefinementThreads                  = 13                                        {product} {ergonomic}
   size_t G1HeapRegionSize                         = 1048576                                   {product} {ergonomic}
    uintx GCDrainStackTargetSize                   = 64                                        {product} {ergonomic}
   size_t InitialHeapSize                          = 257949696                                 {product} {ergonomic}
   size_t MarkStackSize                            = 4194304                                   {product} {ergonomic}
   size_t MaxHeapSize                              = 4116709376                                {product} {ergonomic}
   size_t MaxNewSize                               = 2469396480                                {product} {ergonomic}
   size_t MinHeapDeltaBytes                        = 1048576                                   {product} {ergonomic}
    uintx NonNMethodCodeHeapSize                   = 7594288                                {pd product} {ergonomic}
    uintx NonProfiledCodeHeapSize                  = 122031976                              {pd product} {ergonomic}
    uintx ProfiledCodeHeapSize                     = 122031976                              {pd product} {ergonomic}
    uintx ReservedCodeCacheSize                    = 251658240                              {pd product} {ergonomic}
     bool SegmentedCodeCache                       = true                                      {product} {ergonomic}
     bool UseCompressedClassPointers               = true                                 {lp64_product} {ergonomic}
     bool UseCompressedOops                        = true                                 {lp64_product} {ergonomic}
     bool UseG1GC                                  = true                                      {product} {ergonomic}
     bool UseLargePagesIndividualAllocation        = false                                  {pd product} {ergonomic}

Logging:
Log output configuration:
 #0: stdout all=warning uptime,level,tags
 #1: stderr all=off uptime,level,tags

Environment Variables:
PATH=C:\Program Files (x86)\Common Files\Oracle\Java\javapath;C:\WINDOWS\system32;C:\WINDOWS;C:\WINDOWS\System32\Wbem;C:\WINDOWS\System32\WindowsPowerShell\v1.0\;C:\WINDOWS\System32\OpenSSH\;C:\Program Files\Git\cmd;E:\EasyShare\x86\;E:\EasyShare\x64\;C:\Users\Muster\AppData\Local\Programs\Python\Python311\Scripts\;C:\Users\Muster\AppData\Local\Programs\Python\Python311\;C:\Users\Muster\AppData\Local\Microsoft\WindowsApps;C:\Users\Muster\AppData\Local\Programs\Microsoft VS Code\bin;E:\MinGW\bin;E:\OpenOCD\bin;E:\gcc-arm-none-eabi\bin;E:\qtinstall\5.14.2\mingw73_64\bin;;D:\newcubemx\.\jre\\bin
USERNAME=Muster
OS=Windows_NT
PROCESSOR_IDENTIFIER=AMD64 Family 23 Model 96 Stepping 1, AuthenticAMD
TMP=C:\Users\Muster\AppData\Local\Temp
TEMP=C:\Users\Muster\AppData\Local\Temp



---------------  S Y S T E M  ---------------

OS: Windows 10 , 64 bit Build 19041 (10.0.19041.2913)
OS uptime: 0 days 7:59 hours

CPU:total 16 (initial active 16) (16 cores per cpu, 2 threads per core) family 23 model 96 stepping 1 microcode 0x0, cmov, cx8, fxsr, mmx, sse, sse2, sse3, ssse3, sse4.1, sse4.2, popcnt, avx, avx2, aes, clmul, mmxext, 3dnowpref, lzcnt, sse4a, ht, tsc, tscinvbit, tscinv, bmi1, bmi2, adx, sha, fma

Memory: 4k page, system-wide physical 15697M (4691M free)
TotalPageFile size 15825M (AvailPageFile size 223M)
current process WorkingSet (physical memory assigned to process): 1366M, peak: 1707M
current process commit charge ("private bytes"): 1779M, peak: 2034M

vm_info: OpenJDK 64-Bit Server VM (11.0.16+8) for windows-amd64 JRE (11.0.16+8), built on Jul 20 2022 07:15:32 by "" with MS VC++ 15.9 (VS2017)

END.
